Return_Threshold,Vol_Multiplier,Profit_Target,Stop_Loss,Hold_Days,Position_Size,Num_Trades,Win_Rate,Expectancy_Pct,Total_PnL_NGN,Profit_Factor
-6%,1.5,5%,3%,10,"₦100,000",1699,52.7,-1.535,-2608325.23,0.386
-6%,1.5,5%,3%,10,"₦500,000",1699,52.7,-1.529,-12987258.15,0.388
-6%,1.5,5%,3%,10,"₦1,000,000",1699,52.7,-1.528,-25960924.29,0.388
-6%,1.5,5%,3%,15,"₦100,000",1699,54.8,-1.516,-2574882.09,0.4
-6%,1.5,5%,3%,15,"₦500,000",1699,54.8,-1.509,-12820042.46,0.402
-6%,1.5,5%,3%,15,"₦1,000,000",1699,54.8,-1.508,-25626492.92,0.402
-6%,1.5,5%,3%,20,"₦100,000",1699,55.7,-1.516,-2575807.52,0.405
-6%,1.5,5%,3%,20,"₦500,000",1699,55.7,-1.51,-12824669.61,0.407
-6%,1.5,5%,3%,20,"₦1,000,000",1699,55.7,-1.509,-25635747.22,0.407
-6%,1.5,5%,3%,25,"₦100,000",1699,56.2,-1.523,-2587106.7,0.405
-6%,1.5,5%,3%,25,"₦500,000",1699,56.2,-1.516,-12881165.5,0.407
-6%,1.5,5%,3%,25,"₦1,000,000",1699,56.2,-1.516,-25748739.0,0.407
-6%,1.5,5%,5%,10,"₦100,000",1699,56.1,-1.805,-3066284.51,0.362
-6%,1.5,5%,5%,10,"₦500,000",1699,56.1,-1.798,-15277054.55,0.364
-6%,1.5,5%,5%,10,"₦1,000,000",1699,56.1,-1.798,-30540517.1,0.364
-6%,1.5,5%,5%,15,"₦100,000",1699,58.8,-1.805,-3066701.86,0.375
-6%,1.5,5%,5%,15,"₦500,000",1699,58.8,-1.799,-15279141.29,0.377
-6%,1.5,5%,5%,15,"₦1,000,000",1699,58.8,-1.798,-30544690.59,0.377
-6%,1.5,5%,5%,20,"₦100,000",1699,60.6,-1.776,-3016871.13,0.387
-6%,1.5,5%,5%,20,"₦500,000",1699,60.6,-1.769,-15029987.63,0.388
-6%,1.5,5%,5%,20,"₦1,000,000",1699,60.6,-1.768,-30046383.25,0.388
-6%,1.5,5%,5%,25,"₦100,000",1699,61.2,-1.793,-3045666.24,0.387
-6%,1.5,5%,5%,25,"₦500,000",1699,61.2,-1.786,-15173963.21,0.388
-6%,1.5,5%,5%,25,"₦1,000,000",1699,61.2,-1.785,-30334334.42,0.388
-6%,1.5,5%,7%,10,"₦100,000",1699,57.3,-2.082,-3537950.13,0.334
-6%,1.5,5%,7%,10,"₦500,000",1699,57.3,-2.076,-17635382.65,0.336
-6%,1.5,5%,7%,10,"₦1,000,000",1699,57.3,-2.075,-35257173.31,0.336
-6%,1.5,5%,7%,15,"₦100,000",1699,60.8,-2.107,-3580264.6,0.347
-6%,1.5,5%,7%,15,"₦500,000",1699,60.8,-2.101,-17846955.02,0.348
-6%,1.5,5%,7%,15,"₦1,000,000",1699,60.8,-2.1,-35680318.04,0.349
-6%,1.5,5%,7%,20,"₦100,000",1699,62.7,-2.093,-3555716.07,0.356
-6%,1.5,5%,7%,20,"₦500,000",1699,62.7,-2.086,-17724212.33,0.357
-6%,1.5,5%,7%,20,"₦1,000,000",1699,62.7,-2.086,-35434832.66,0.358
-6%,1.5,5%,7%,25,"₦100,000",1699,63.3,-2.166,-3679412.42,0.35
-6%,1.5,5%,7%,25,"₦500,000",1699,63.3,-2.159,-18342694.1,0.352
-6%,1.5,5%,7%,25,"₦1,000,000",1699,63.3,-2.158,-36671796.2,0.352
-6%,1.5,7%,3%,10,"₦100,000",1699,48.4,-0.914,-1552167.24,0.658
-6%,1.5,7%,3%,10,"₦500,000",1699,48.4,-0.907,-7706468.22,0.66
-6%,1.5,7%,3%,10,"₦1,000,000",1699,48.4,-0.906,-15399344.45,0.661
-6%,1.5,7%,3%,15,"₦100,000",1699,50.1,-0.896,-1521740.12,0.675
-6%,1.5,7%,3%,15,"₦500,000",1699,50.1,-0.889,-7554332.59,0.677
-6%,1.5,7%,3%,15,"₦1,000,000",1699,50.1,-0.888,-15095073.17,0.677
-6%,1.5,7%,3%,20,"₦100,000",1699,51.0,-0.885,-1502799.44,0.683
-6%,1.5,7%,3%,20,"₦500,000",1699,51.0,-0.878,-7459629.2,0.685
-6%,1.5,7%,3%,20,"₦1,000,000",1699,51.0,-0.877,-14905666.41,0.685
-6%,1.5,7%,3%,25,"₦100,000",1699,51.3,-0.894,-1518437.08,0.683
-6%,1.5,7%,3%,25,"₦500,000",1699,51.3,-0.887,-7537817.42,0.685
-6%,1.5,7%,3%,25,"₦1,000,000",1699,51.3,-0.887,-15062042.85,0.685
-6%,1.5,7%,5%,10,"₦100,000",1699,51.6,-1.185,-2012488.18,0.611
-6%,1.5,7%,5%,10,"₦500,000",1699,51.6,-1.178,-10008072.88,0.613
-6%,1.5,7%,5%,10,"₦1,000,000",1699,51.6,-1.177,-20002553.76,0.613
-6%,1.5,7%,5%,15,"₦100,000",1699,54.0,-1.176,-1997305.6,0.63
-6%,1.5,7%,5%,15,"₦500,000",1699,54.0,-1.169,-9932160.0,0.631
-6%,1.5,7%,5%,15,"₦1,000,000",1699,54.0,-1.168,-19850728.01,0.631
-6%,1.5,7%,5%,20,"₦100,000",1699,55.9,-1.12,-1903562.99,0.65
-6%,1.5,7%,5%,20,"₦500,000",1699,55.9,-1.114,-9463446.95,0.651
-6%,1.5,7%,5%,20,"₦1,000,000",1699,55.9,-1.113,-18913301.9,0.651
-6%,1.5,7%,5%,25,"₦100,000",1699,56.4,-1.133,-1925748.0,0.651
-6%,1.5,7%,5%,25,"₦500,000",1699,56.4,-1.127,-9574371.98,0.653
-6%,1.5,7%,5%,25,"₦1,000,000",1699,56.4,-1.126,-19135151.97,0.653
-6%,1.5,7%,7%,10,"₦100,000",1699,53.0,-1.438,-2442383.19,0.571
-6%,1.5,7%,7%,10,"₦500,000",1699,53.0,-1.431,-12157547.94,0.572
-6%,1.5,7%,7%,10,"₦1,000,000",1699,53.0,-1.43,-24301503.88,0.572
-6%,1.5,7%,7%,15,"₦100,000",1699,56.3,-1.449,-2462550.06,0.589
-6%,1.5,7%,7%,15,"₦500,000",1699,56.3,-1.443,-12258382.3,0.59
-6%,1.5,7%,7%,15,"₦1,000,000",1699,56.3,-1.442,-24503172.59,0.59
-6%,1.5,7%,7%,20,"₦100,000",1699,58.3,-1.401,-2380576.71,0.607
-6%,1.5,7%,7%,20,"₦500,000",1699,58.3,-1.395,-11848515.55,0.608
-6%,1.5,7%,7%,20,"₦1,000,000",1699,58.3,-1.394,-23683439.09,0.608
-6%,1.5,7%,7%,25,"₦100,000",1699,58.6,-1.479,-2513592.1,0.598
-6%,1.5,7%,7%,25,"₦500,000",1699,58.6,-1.473,-12513592.52,0.599
-6%,1.5,7%,7%,25,"₦1,000,000",1699,58.6,-1.472,-25013593.03,0.6
-6%,1.5,10%,3%,10,"₦100,000",1699,42.8,-0.425,-722769.13,0.854
-6%,1.5,10%,3%,10,"₦500,000",1699,42.8,-0.419,-3559477.63,0.856
-6%,1.5,10%,3%,10,"₦1,000,000",1699,42.8,-0.418,-7105363.26,0.857
-6%,1.5,10%,3%,15,"₦100,000",1699,43.4,-0.385,-653840.64,0.874
-6%,1.5,10%,3%,15,"₦500,000",1699,43.4,-0.378,-3214835.2,0.876
-6%,1.5,10%,3%,15,"₦1,000,000",1699,43.4,-0.378,-6416078.4,0.877
-6%,1.5,10%,3%,20,"₦100,000",1699,44.3,-0.355,-603268.43,0.887
-6%,1.5,10%,3%,20,"₦500,000",1699,44.3,-0.349,-2961974.16,0.888
-6%,1.5,10%,3%,20,"₦1,000,000",1699,44.3,-0.348,-5910356.32,0.889
-6%,1.5,10%,3%,25,"₦100,000",1699,44.3,-0.378,-642738.55,0.882
-6%,1.5,10%,3%,25,"₦500,000",1699,44.3,-0.372,-3159324.75,0.883
-6%,1.5,10%,3%,25,"₦1,000,000",1699,44.3,-0.371,-6305057.51,0.884
-6%,1.5,10%,5%,10,"₦100,000",1699,46.0,-0.683,-1160614.63,0.794
-6%,1.5,10%,5%,10,"₦500,000",1699,46.0,-0.677,-5748705.15,0.796
-6%,1.5,10%,5%,10,"₦1,000,000",1699,46.0,-0.676,-11483818.3,0.796
-6%,1.5,10%,5%,15,"₦100,000",1699,47.1,-0.642,-1091253.07,0.818
-6%,1.5,10%,5%,15,"₦500,000",1699,47.1,-0.636,-5401897.37,0.819
-6%,1.5,10%,5%,15,"₦1,000,000",1699,47.1,-0.635,-10790202.74,0.82
-6%,1.5,10%,5%,20,"₦100,000",1699,49.0,-0.579,-983794.85,0.839
-6%,1.5,10%,5%,20,"₦500,000",1699,49.0,-0.573,-4864606.25,0.841
-6%,1.5,10%,5%,20,"₦1,000,000",1699,49.0,-0.572,-9715620.5,0.841
-6%,1.5,10%,5%,25,"₦100,000",1699,48.9,-0.63,-1070205.62,0.831
-6%,1.5,10%,5%,25,"₦500,000",1699,48.9,-0.624,-5296660.12,0.832
-6%,1.5,10%,5%,25,"₦1,000,000",1699,48.9,-0.623,-10579728.23,0.833
-6%,1.5,10%,7%,10,"₦100,000",1699,47.3,-0.943,-1601434.02,0.741
-6%,1.5,10%,7%,10,"₦500,000",1699,47.3,-0.936,-7952802.09,0.743
-6%,1.5,10%,7%,10,"₦1,000,000",1699,47.3,-0.935,-15892012.18,0.743
-6%,1.5,10%,7%,15,"₦100,000",1699,49.3,-0.909,-1544149.83,0.767
-6%,1.5,10%,7%,15,"₦500,000",1699,49.3,-0.902,-7666381.15,0.769
-6%,1.5,10%,7%,15,"₦1,000,000",1699,49.3,-0.902,-15319170.29,0.769
-6%,1.5,10%,7%,20,"₦100,000",1699,51.4,-0.868,-1474964.53,0.784
-6%,1.5,10%,7%,20,"₦500,000",1699,51.4,-0.862,-7320454.66,0.786
-6%,1.5,10%,7%,20,"₦1,000,000",1699,51.4,-0.861,-14627317.31,0.786
-6%,1.5,10%,7%,25,"₦100,000",1699,51.1,-0.986,-1674827.0,0.766
-6%,1.5,10%,7%,25,"₦500,000",1699,51.1,-0.979,-8319767.02,0.768
-6%,1.5,10%,7%,25,"₦1,000,000",1699,51.1,-0.979,-16625942.04,0.768
-6%,2.0,5%,3%,10,"₦100,000",1115,52.7,-1.524,-1699061.85,0.389
-6%,2.0,5%,3%,10,"₦500,000",1115,52.7,-1.517,-8459629.27,0.39
-6%,2.0,5%,3%,10,"₦1,000,000",1115,52.7,-1.517,-16910338.54,0.391
-6%,2.0,5%,3%,15,"₦100,000",1115,54.8,-1.505,-1678041.38,0.402
-6%,2.0,5%,3%,15,"₦500,000",1115,54.8,-1.499,-8354526.88,0.404
-6%,2.0,5%,3%,15,"₦1,000,000",1115,54.8,-1.498,-16700133.76,0.404
-6%,2.0,5%,3%,20,"₦100,000",1115,55.8,-1.499,-1671193.08,0.408
-6%,2.0,5%,3%,20,"₦500,000",1115,55.8,-1.492,-8320285.4,0.41
-6%,2.0,5%,3%,20,"₦1,000,000",1115,55.8,-1.492,-16631650.8,0.41
-6%,2.0,5%,3%,25,"₦100,000",1115,56.2,-1.505,-1678292.88,0.408
-6%,2.0,5%,3%,25,"₦500,000",1115,56.2,-1.499,-8355784.4,0.41
-6%,2.0,5%,3%,25,"₦1,000,000",1115,56.2,-1.498,-16702648.8,0.41
-6%,2.0,5%,5%,10,"₦100,000",1115,55.9,-1.808,-2015535.8,0.361
-6%,2.0,5%,5%,10,"₦500,000",1115,55.9,-1.801,-10041999.01,0.363
-6%,2.0,5%,5%,10,"₦1,000,000",1115,55.9,-1.8,-20075078.01,0.363
-6%,2.0,5%,5%,15,"₦100,000",1115,58.6,-1.792,-1997671.93,0.376
-6%,2.0,5%,5%,15,"₦500,000",1115,58.6,-1.785,-9952679.67,0.378
-6%,2.0,5%,5%,15,"₦1,000,000",1115,58.6,-1.784,-19896439.34,0.378
-6%,2.0,5%,5%,20,"₦100,000",1115,60.6,-1.737,-1937218.8,0.392
-6%,2.0,5%,5%,20,"₦500,000",1115,60.6,-1.731,-9650414.02,0.394
-6%,2.0,5%,5%,20,"₦1,000,000",1115,60.6,-1.73,-19291908.05,0.394
-6%,2.0,5%,5%,25,"₦100,000",1115,61.2,-1.756,-1957698.03,0.391
-6%,2.0,5%,5%,25,"₦500,000",1115,61.2,-1.749,-9752810.14,0.393
-6%,2.0,5%,5%,25,"₦1,000,000",1115,61.2,-1.749,-19496700.29,0.393
-6%,2.0,5%,7%,10,"₦100,000",1115,57.2,-2.081,-2319839.12,0.335
-6%,2.0,5%,7%,10,"₦500,000",1115,57.2,-2.074,-11563515.61,0.336
-6%,2.0,5%,7%,10,"₦1,000,000",1115,57.2,-2.073,-23118111.22,0.336
-6%,2.0,5%,7%,15,"₦100,000",1115,60.5,-2.07,-2308607.11,0.35
-6%,2.0,5%,7%,15,"₦500,000",1115,60.5,-2.064,-11507355.55,0.352
-6%,2.0,5%,7%,15,"₦1,000,000",1115,60.5,-2.063,-23005791.09,0.352
-6%,2.0,5%,7%,20,"₦100,000",1115,62.8,-2.036,-2270114.16,0.363
-6%,2.0,5%,7%,20,"₦500,000",1115,62.8,-2.03,-11314890.82,0.364
-6%,2.0,5%,7%,20,"₦1,000,000",1115,62.8,-2.029,-22620861.64,0.364
-6%,2.0,5%,7%,25,"₦100,000",1115,63.3,-2.1,-2341239.02,0.357
-6%,2.0,5%,7%,25,"₦500,000",1115,63.3,-2.093,-11670515.11,0.359
-6%,2.0,5%,7%,25,"₦1,000,000",1115,63.3,-2.093,-23332110.21,0.359
-6%,2.0,7%,3%,10,"₦100,000",1115,49.5,-0.817,-910603.44,0.69
-6%,2.0,7%,3%,10,"₦500,000",1115,49.5,-0.81,-4517337.2,0.692
-6%,2.0,7%,3%,10,"₦1,000,000",1115,49.5,-0.809,-9025754.41,0.692
-6%,2.0,7%,3%,15,"₦100,000",1115,50.9,-0.815,-908607.75,0.699
-6%,2.0,7%,3%,15,"₦500,000",1115,50.9,-0.808,-4507358.75,0.701
-6%,2.0,7%,3%,15,"₦1,000,000",1115,50.9,-0.808,-9005797.5,0.701
-6%,2.0,7%,3%,20,"₦100,000",1115,51.7,-0.795,-886179.14,0.71
-6%,2.0,7%,3%,20,"₦500,000",1115,51.7,-0.788,-4395215.69,0.712
-6%,2.0,7%,3%,20,"₦1,000,000",1115,51.7,-0.788,-8781511.39,0.712
-6%,2.0,7%,3%,25,"₦100,000",1115,52.1,-0.796,-887749.27,0.711
-6%,2.0,7%,3%,25,"₦500,000",1115,52.1,-0.79,-4403066.35,0.713
-6%,2.0,7%,3%,25,"₦1,000,000",1115,52.1,-0.789,-8797212.71,0.713
-6%,2.0,7%,5%,10,"₦100,000",1115,52.4,-1.104,-1231406.1,0.633
-6%,2.0,7%,5%,10,"₦500,000",1115,52.4,-1.098,-6121350.49,0.635
-6%,2.0,7%,5%,10,"₦1,000,000",1115,52.4,-1.097,-12233780.97,0.635
-6%,2.0,7%,5%,15,"₦100,000",1115,54.5,-1.095,-1220825.55,0.648
-6%,2.0,7%,5%,15,"₦500,000",1115,54.5,-1.089,-6068447.73,0.65
-6%,2.0,7%,5%,15,"₦1,000,000",1115,54.5,-1.088,-12127975.47,0.65
-6%,2.0,7%,5%,20,"₦100,000",1115,56.3,-1.006,-1122081.55,0.676
-6%,2.0,7%,5%,20,"₦500,000",1115,56.3,-1.0,-5574727.75,0.678
-6%,2.0,7%,5%,20,"₦1,000,000",1115,56.3,-0.999,-11140535.5,0.678
-6%,2.0,7%,5%,25,"₦100,000",1115,57.0,-1.008,-1124141.56,0.68
-6%,2.0,7%,5%,25,"₦500,000",1115,57.0,-1.002,-5585027.79,0.682
-6%,2.0,7%,5%,25,"₦1,000,000",1115,57.0,-1.001,-11161135.59,0.682
-6%,2.0,7%,7%,10,"₦100,000",1115,53.9,-1.345,-1499271.54,0.592
-6%,2.0,7%,7%,10,"₦500,000",1115,53.9,-1.338,-7460677.7,0.594
-6%,2.0,7%,7%,10,"₦1,000,000",1115,53.9,-1.337,-14912435.39,0.594
-6%,2.0,7%,7%,15,"₦100,000",1115,56.8,-1.336,-1489146.96,0.61
-6%,2.0,7%,7%,15,"₦500,000",1115,56.8,-1.329,-7410054.78,0.612
-6%,2.0,7%,7%,15,"₦1,000,000",1115,56.8,-1.328,-14811189.57,0.612
-6%,2.0,7%,7%,20,"₦100,000",1115,58.7,-1.261,-1406029.06,0.634
-6%,2.0,7%,7%,20,"₦500,000",1115,58.7,-1.255,-6994465.28,0.636
-6%,2.0,7%,7%,20,"₦1,000,000",1115,58.7,-1.254,-13980010.57,0.636
-6%,2.0,7%,7%,25,"₦100,000",1115,59.3,-1.319,-1470769.92,0.628
-6%,2.0,7%,7%,25,"₦500,000",1115,59.3,-1.313,-7318169.6,0.63
-6%,2.0,7%,7%,25,"₦1,000,000",1115,59.3,-1.312,-14627419.19,0.63
-6%,2.0,10%,3%,10,"₦100,000",1115,43.0,-0.376,-418729.21,0.87
-6%,2.0,10%,3%,10,"₦500,000",1115,43.0,-0.369,-2057966.07,0.872
-6%,2.0,10%,3%,10,"₦1,000,000",1115,43.0,-0.368,-4107012.14,0.873
-6%,2.0,10%,3%,15,"₦100,000",1115,43.7,-0.338,-376667.23,0.889
-6%,2.0,10%,3%,15,"₦500,000",1115,43.7,-0.331,-1847656.15,0.891
-6%,2.0,10%,3%,15,"₦1,000,000",1115,43.7,-0.331,-3686392.31,0.891
-6%,2.0,10%,3%,20,"₦100,000",1115,44.3,-0.3,-334955.14,0.903
-6%,2.0,10%,3%,20,"₦500,000",1115,44.3,-0.294,-1639095.7,0.905
-6%,2.0,10%,3%,20,"₦1,000,000",1115,44.3,-0.293,-3269271.39,0.905
-6%,2.0,10%,3%,25,"₦100,000",1115,44.7,-0.305,-340524.41,0.903
-6%,2.0,10%,3%,25,"₦500,000",1115,44.7,-0.299,-1666942.07,0.905
-6%,2.0,10%,3%,25,"₦1,000,000",1115,44.7,-0.298,-3324964.15,0.905
-6%,2.0,10%,5%,10,"₦100,000",1115,45.9,-0.643,-716980.67,0.805
-6%,2.0,10%,5%,10,"₦500,000",1115,45.9,-0.637,-3549223.35,0.807
-6%,2.0,10%,5%,10,"₦1,000,000",1115,45.9,-0.636,-7089526.71,0.807
-6%,2.0,10%,5%,15,"₦100,000",1115,47.4,-0.575,-641439.71,0.834
-6%,2.0,10%,5%,15,"₦500,000",1115,47.4,-0.569,-3171518.56,0.836
-6%,2.0,10%,5%,15,"₦1,000,000",1115,47.4,-0.568,-6334117.11,0.836
-6%,2.0,10%,5%,20,"₦100,000",1115,49.1,-0.476,-530932.13,0.865
-6%,2.0,10%,5%,20,"₦500,000",1115,49.1,-0.47,-2618980.66,0.867
-6%,2.0,10%,5%,20,"₦1,000,000",1115,49.1,-0.469,-5229041.32,0.867
-6%,2.0,10%,5%,25,"₦100,000",1115,49.2,-0.512,-571137.59,0.859
-6%,2.0,10%,5%,25,"₦500,000",1115,49.2,-0.506,-2820007.95,0.861
-6%,2.0,10%,5%,25,"₦1,000,000",1115,49.2,-0.505,-5631095.9,0.861
-6%,2.0,10%,7%,10,"₦100,000",1115,47.4,-0.882,-983212.63,0.755
-6%,2.0,10%,7%,10,"₦500,000",1115,47.4,-0.875,-4880383.17,0.757
-6%,2.0,10%,7%,10,"₦1,000,000",1115,47.4,-0.875,-9751846.33,0.757
-6%,2.0,10%,7%,15,"₦100,000",1115,49.5,-0.807,-899622.45,0.788
-6%,2.0,10%,7%,15,"₦500,000",1115,49.5,-0.8,-4462432.23,0.79
-6%,2.0,10%,7%,15,"₦1,000,000",1115,49.5,-0.8,-8915944.46,0.79
-6%,2.0,10%,7%,20,"₦100,000",1115,51.7,-0.708,-789699.13,0.818
-6%,2.0,10%,7%,20,"₦500,000",1115,51.7,-0.702,-3912815.63,0.82
-6%,2.0,10%,7%,20,"₦1,000,000",1115,51.7,-0.701,-7816711.27,0.82
-6%,2.0,10%,7%,25,"₦100,000",1115,51.7,-0.808,-901309.78,0.802
-6%,2.0,10%,7%,25,"₦500,000",1115,51.7,-0.802,-4470868.92,0.803
-6%,2.0,10%,7%,25,"₦1,000,000",1115,51.7,-0.801,-8932817.83,0.803
-8%,1.5,5%,3%,10,"₦100,000",1262,54.0,-1.451,-1830846.07,0.407
-8%,1.5,5%,3%,10,"₦500,000",1262,54.0,-1.444,-9113846.34,0.409
-8%,1.5,5%,3%,10,"₦1,000,000",1262,54.0,-1.444,-18217596.68,0.409
-8%,1.5,5%,3%,15,"₦100,000",1262,56.0,-1.434,-1810084.46,0.419
-8%,1.5,5%,3%,15,"₦500,000",1262,56.0,-1.428,-9010038.31,0.421
-8%,1.5,5%,3%,15,"₦1,000,000",1262,56.0,-1.427,-18009980.63,0.421
-8%,1.5,5%,3%,20,"₦100,000",1262,57.0,-1.423,-1796080.09,0.426
-8%,1.5,5%,3%,20,"₦500,000",1262,57.0,-1.417,-8940016.45,0.428
-8%,1.5,5%,3%,20,"₦1,000,000",1262,57.0,-1.416,-17869936.9,0.428
-8%,1.5,5%,3%,25,"₦100,000",1262,57.4,-1.431,-1805924.0,0.425
-8%,1.5,5%,3%,25,"₦500,000",1262,57.4,-1.425,-8989236.02,0.427
-8%,1.5,5%,3%,25,"₦1,000,000",1262,57.4,-1.424,-17968376.04,0.428
-8%,1.5,5%,5%,10,"₦100,000",1262,57.1,-1.763,-2224984.32,0.373
-8%,1.5,5%,5%,10,"₦500,000",1262,57.1,-1.757,-11084537.6,0.375
-8%,1.5,5%,5%,10,"₦1,000,000",1262,57.1,-1.756,-22158979.2,0.375
-8%,1.5,5%,5%,15,"₦100,000",1262,59.5,-1.782,-2249513.72,0.382
-8%,1.5,5%,5%,15,"₦500,000",1262,59.5,-1.776,-11207184.6,0.383
-8%,1.5,5%,5%,15,"₦1,000,000",1262,59.5,-1.775,-22404273.2,0.383
-8%,1.5,5%,5%,20,"₦100,000",1262,61.1,-1.756,-2216094.28,0.392
-8%,1.5,5%,5%,20,"₦500,000",1262,61.1,-1.75,-11040087.39,0.393
-8%,1.5,5%,5%,20,"₦1,000,000",1262,61.1,-1.749,-22070078.79,0.394
-8%,1.5,5%,5%,25,"₦100,000",1262,61.7,-1.76,-2221324.34,0.393
-8%,1.5,5%,5%,25,"₦500,000",1262,61.7,-1.754,-11066237.7,0.395
-8%,1.5,5%,5%,25,"₦1,000,000",1262,61.7,-1.753,-22122379.4,0.395
-8%,1.5,5%,7%,10,"₦100,000",1262,58.3,-2.071,-2613865.69,0.341
-8%,1.5,5%,7%,10,"₦500,000",1262,58.3,-2.065,-13028944.44,0.342
-8%,1.5,5%,7%,10,"₦1,000,000",1262,58.3,-2.064,-26047792.88,0.342
-8%,1.5,5%,7%,15,"₦100,000",1262,61.3,-2.144,-2705247.53,0.346
-8%,1.5,5%,7%,15,"₦500,000",1262,61.3,-2.137,-13485853.65,0.347
-8%,1.5,5%,7%,15,"₦1,000,000",1262,61.3,-2.136,-26961611.29,0.347
-8%,1.5,5%,7%,20,"₦100,000",1262,63.0,-2.12,-2675826.24,0.354
-8%,1.5,5%,7%,20,"₦500,000",1262,63.0,-2.114,-13338747.18,0.356
-8%,1.5,5%,7%,20,"₦1,000,000",1262,63.0,-2.113,-26667398.35,0.356
-8%,1.5,5%,7%,25,"₦100,000",1262,63.5,-2.189,-2762536.08,0.349
-8%,1.5,5%,7%,25,"₦500,000",1262,63.5,-2.183,-13772296.41,0.35
-8%,1.5,5%,7%,25,"₦1,000,000",1262,63.5,-2.182,-27534496.83,0.351
-8%,1.5,7%,3%,10,"₦100,000",1262,50.0,-0.754,-951975.89,0.711
-8%,1.5,7%,3%,10,"₦500,000",1262,50.0,-0.748,-4719495.43,0.713
-8%,1.5,7%,3%,10,"₦1,000,000",1262,50.0,-0.747,-9428894.86,0.713
-8%,1.5,7%,3%,15,"₦100,000",1262,52.1,-0.721,-910171.43,0.729
-8%,1.5,7%,3%,15,"₦500,000",1262,52.1,-0.715,-4510473.13,0.731
-8%,1.5,7%,3%,15,"₦1,000,000",1262,52.1,-0.714,-9010850.27,0.732
-8%,1.5,7%,3%,20,"₦100,000",1262,53.0,-0.691,-871729.14,0.742
-8%,1.5,7%,3%,20,"₦500,000",1262,53.0,-0.684,-4318261.68,0.745
-8%,1.5,7%,3%,20,"₦1,000,000",1262,53.0,-0.684,-8626427.36,0.745
-8%,1.5,7%,3%,25,"₦100,000",1262,53.3,-0.7,-882983.15,0.742
-8%,1.5,7%,3%,25,"₦500,000",1262,53.3,-0.693,-4374531.73,0.744
-8%,1.5,7%,3%,25,"₦1,000,000",1262,53.3,-0.692,-8738967.45,0.744
-8%,1.5,7%,5%,10,"₦100,000",1262,52.9,-1.072,-1353436.58,0.645
-8%,1.5,7%,5%,10,"₦500,000",1262,52.9,-1.066,-6726798.88,0.647
-8%,1.5,7%,5%,10,"₦1,000,000",1262,52.9,-1.065,-13443501.76,0.647
-8%,1.5,7%,5%,15,"₦100,000",1262,55.5,-1.063,-1341609.99,0.661
-8%,1.5,7%,5%,15,"₦500,000",1262,55.5,-1.057,-6667665.94,0.662
-8%,1.5,7%,5%,15,"₦1,000,000",1262,55.5,-1.056,-13325235.88,0.662
-8%,1.5,7%,5%,20,"₦100,000",1262,57.2,-0.998,-1259962.07,0.682
-8%,1.5,7%,5%,20,"₦500,000",1262,57.2,-0.992,-6259426.34,0.684
-8%,1.5,7%,5%,20,"₦1,000,000",1262,57.2,-0.991,-12508756.68,0.684
-8%,1.5,7%,5%,25,"₦100,000",1262,57.7,-1.009,-1272998.32,0.683
-8%,1.5,7%,5%,25,"₦500,000",1262,57.7,-1.002,-6324607.58,0.685
-8%,1.5,7%,5%,25,"₦1,000,000",1262,57.7,-1.002,-12639119.16,0.685
-8%,1.5,7%,7%,10,"₦100,000",1262,54.3,-1.352,-1705998.93,0.596
-8%,1.5,7%,7%,10,"₦500,000",1262,54.3,-1.345,-8489610.66,0.598
-8%,1.5,7%,7%,10,"₦1,000,000",1262,54.3,-1.345,-16969125.33,0.598
-8%,1.5,7%,7%,15,"₦100,000",1262,57.5,-1.394,-1759634.97,0.606
-8%,1.5,7%,7%,15,"₦500,000",1262,57.5,-1.388,-8757790.83,0.607
-8%,1.5,7%,7%,15,"₦1,000,000",1262,57.5,-1.387,-17505485.66,0.607
-8%,1.5,7%,7%,20,"₦100,000",1262,59.4,-1.32,-1665836.31,0.627
-8%,1.5,7%,7%,20,"₦500,000",1262,59.4,-1.314,-8288797.57,0.629
-8%,1.5,7%,7%,20,"₦1,000,000",1262,59.4,-1.313,-16567499.15,0.629
-8%,1.5,7%,7%,25,"₦100,000",1262,59.7,-1.407,-1775420.44,0.615
-8%,1.5,7%,7%,25,"₦500,000",1262,59.7,-1.4,-8836718.19,0.617
-8%,1.5,7%,7%,25,"₦1,000,000",1262,59.7,-1.4,-17663340.38,0.617
-8%,1.5,10%,3%,10,"₦100,000",1262,44.1,-0.191,-240590.51,0.934
-8%,1.5,10%,3%,10,"₦500,000",1262,44.1,-0.184,-1162568.56,0.936
-8%,1.5,10%,3%,10,"₦1,000,000",1262,44.1,-0.183,-2315041.11,0.936
-8%,1.5,10%,3%,15,"₦100,000",1262,45.6,-0.104,-130922.93,0.965
-8%,1.5,10%,3%,15,"₦500,000",1262,45.6,-0.097,-614230.66,0.967
-8%,1.5,10%,3%,15,"₦1,000,000",1262,45.6,-0.097,-1218365.32,0.968
-8%,1.5,10%,3%,20,"₦100,000",1262,46.4,-0.065,-81833.19,0.979
-8%,1.5,10%,3%,20,"₦500,000",1262,46.4,-0.058,-368781.95,0.981
-8%,1.5,10%,3%,20,"₦1,000,000",1262,46.4,-0.058,-727467.9,0.981
-8%,1.5,10%,3%,25,"₦100,000",1262,46.0,-0.107,-135084.81,0.965
-8%,1.5,10%,3%,25,"₦500,000",1262,46.0,-0.101,-635040.04,0.967
-8%,1.5,10%,3%,25,"₦1,000,000",1262,46.0,-0.1,-1259984.08,0.968
-8%,1.5,10%,5%,10,"₦100,000",1262,47.4,-0.485,-611532.53,0.854
-8%,1.5,10%,5%,10,"₦500,000",1262,47.4,-0.478,-3017278.66,0.856
-8%,1.5,10%,5%,10,"₦1,000,000",1262,47.4,-0.477,-6024461.33,0.856
-8%,1.5,10%,5%,15,"₦100,000",1262,49.0,-0.431,-543929.54,0.877
-8%,1.5,10%,5%,15,"₦500,000",1262,49.0,-0.425,-2679263.68,0.879
-8%,1.5,10%,5%,15,"₦1,000,000",1262,49.0,-0.424,-5348431.36,0.879
-8%,1.5,10%,5%,20,"₦100,000",1262,50.6,-0.362,-456888.26,0.898
-8%,1.5,10%,5%,20,"₦500,000",1262,50.6,-0.356,-2244057.29,0.9
-8%,1.5,10%,5%,20,"₦1,000,000",1262,50.6,-0.355,-4478018.58,0.9
-8%,1.5,10%,5%,25,"₦100,000",1262,50.1,-0.43,-542566.88,0.883
-8%,1.5,10%,5%,25,"₦500,000",1262,50.1,-0.424,-2672450.42,0.884
-8%,1.5,10%,5%,25,"₦1,000,000",1262,50.1,-0.423,-5334804.85,0.885
-8%,1.5,10%,7%,10,"₦100,000",1262,48.7,-0.764,-964745.7,0.791
-8%,1.5,10%,7%,10,"₦500,000",1262,48.7,-0.758,-4783344.48,0.793
-8%,1.5,10%,7%,10,"₦1,000,000",1262,48.7,-0.757,-9556592.95,0.793
-8%,1.5,10%,7%,15,"₦100,000",1262,51.1,-0.748,-944135.36,0.81
-8%,1.5,10%,7%,15,"₦500,000",1262,51.1,-0.742,-4680292.81,0.811
-8%,1.5,10%,7%,15,"₦1,000,000",1262,51.1,-0.741,-9350489.62,0.812
-8%,1.5,10%,7%,20,"₦100,000",1262,52.9,-0.693,-874911.2,0.827
-8%,1.5,10%,7%,20,"₦500,000",1262,52.9,-0.687,-4334171.98,0.829
-8%,1.5,10%,7%,20,"₦1,000,000",1262,52.9,-0.686,-8658247.96,0.829
-8%,1.5,10%,7%,25,"₦100,000",1262,52.2,-0.83,-1047032.97,0.803
-8%,1.5,10%,7%,25,"₦500,000",1262,52.2,-0.823,-5194780.86,0.804
-8%,1.5,10%,7%,25,"₦1,000,000",1262,52.2,-0.822,-10379465.72,0.804
-8%,2.0,5%,3%,10,"₦100,000",834,53.0,-1.519,-1266430.67,0.393
-8%,2.0,5%,3%,10,"₦500,000",834,53.0,-1.512,-6305465.35,0.394
-8%,2.0,5%,3%,10,"₦1,000,000",834,53.0,-1.511,-12604258.69,0.395
-8%,2.0,5%,3%,15,"₦100,000",834,55.0,-1.49,-1242516.18,0.407
-8%,2.0,5%,3%,15,"₦500,000",834,55.0,-1.483,-6185892.9,0.408
-8%,2.0,5%,3%,15,"₦1,000,000",834,55.0,-1.483,-12365113.8,0.409
-8%,2.0,5%,3%,20,"₦100,000",834,56.0,-1.478,-1232517.93,0.413
-8%,2.0,5%,3%,20,"₦500,000",834,56.0,-1.471,-6135901.66,0.415
-8%,2.0,5%,3%,20,"₦1,000,000",834,56.0,-1.471,-12265131.32,0.415
-8%,2.0,5%,3%,25,"₦100,000",834,56.5,-1.483,-1236820.11,0.413
-8%,2.0,5%,3%,25,"₦500,000",834,56.5,-1.477,-6157412.53,0.415
-8%,2.0,5%,3%,25,"₦1,000,000",834,56.5,-1.476,-12308153.06,0.415
-8%,2.0,5%,5%,10,"₦100,000",834,55.8,-1.867,-1556869.74,0.355
-8%,2.0,5%,5%,10,"₦500,000",834,55.8,-1.86,-7757660.69,0.356
-8%,2.0,5%,5%,10,"₦1,000,000",834,55.8,-1.86,-15508649.38,0.357
-8%,2.0,5%,5%,15,"₦100,000",834,58.3,-1.855,-1547184.55,0.368
-8%,2.0,5%,5%,15,"₦500,000",834,58.3,-1.849,-7709234.75,0.37
-8%,2.0,5%,5%,15,"₦1,000,000",834,58.3,-1.848,-15411797.5,0.37
-8%,2.0,5%,5%,20,"₦100,000",834,60.1,-1.813,-1511732.25,0.38
-8%,2.0,5%,5%,20,"₦500,000",834,60.1,-1.806,-7531973.25,0.382
-8%,2.0,5%,5%,20,"₦1,000,000",834,60.1,-1.805,-15057274.5,0.382
-8%,2.0,5%,5%,25,"₦100,000",834,60.7,-1.823,-1520418.12,0.381
-8%,2.0,5%,5%,25,"₦500,000",834,60.7,-1.817,-7575402.61,0.382
-8%,2.0,5%,5%,25,"₦1,000,000",834,60.7,-1.816,-15144133.21,0.382
-8%,2.0,5%,7%,10,"₦100,000",834,57.2,-2.162,-1803501.35,0.328
-8%,2.0,5%,7%,10,"₦500,000",834,57.2,-2.156,-8990818.77,0.329
-8%,2.0,5%,7%,10,"₦1,000,000",834,57.2,-2.155,-17974965.53,0.329
-8%,2.0,5%,7%,15,"₦100,000",834,60.1,-2.188,-1825018.11,0.337
-8%,2.0,5%,7%,15,"₦500,000",834,60.1,-2.182,-9098402.53,0.339
-8%,2.0,5%,7%,15,"₦1,000,000",834,60.1,-2.181,-18190133.06,0.339
-8%,2.0,5%,7%,20,"₦100,000",834,62.1,-2.165,-1805244.53,0.347
-8%,2.0,5%,7%,20,"₦500,000",834,62.1,-2.158,-8999534.66,0.348
-8%,2.0,5%,7%,20,"₦1,000,000",834,62.1,-2.157,-17992397.32,0.349
-8%,2.0,5%,7%,25,"₦100,000",834,62.7,-2.233,-1862188.83,0.341
-8%,2.0,5%,7%,25,"₦500,000",834,62.7,-2.226,-9284256.13,0.343
-8%,2.0,5%,7%,25,"₦1,000,000",834,62.7,-2.226,-18561840.26,0.343
-8%,2.0,7%,3%,10,"₦100,000",834,49.8,-0.769,-641040.87,0.708
-8%,2.0,7%,3%,10,"₦500,000",834,49.8,-0.762,-3178516.37,0.71
-8%,2.0,7%,3%,10,"₦1,000,000",834,49.8,-0.761,-6350360.75,0.71
-8%,2.0,7%,3%,15,"₦100,000",834,51.8,-0.723,-603082.34,0.728
-8%,2.0,7%,3%,15,"₦500,000",834,51.8,-0.717,-2988723.69,0.731
-8%,2.0,7%,3%,15,"₦1,000,000",834,51.8,-0.716,-5970775.38,0.731
-8%,2.0,7%,3%,20,"₦100,000",834,52.6,-0.696,-580631.4,0.74
-8%,2.0,7%,3%,20,"₦500,000",834,52.6,-0.69,-2876468.99,0.742
-8%,2.0,7%,3%,20,"₦1,000,000",834,52.6,-0.689,-5746265.99,0.742
-8%,2.0,7%,3%,25,"₦100,000",834,53.1,-0.698,-582123.38,0.742
-8%,2.0,7%,3%,25,"₦500,000",834,53.1,-0.692,-2883928.9,0.744
-8%,2.0,7%,3%,25,"₦1,000,000",834,53.1,-0.691,-5761185.81,0.744
-8%,2.0,7%,5%,10,"₦100,000",834,52.3,-1.126,-939319.55,0.632
-8%,2.0,7%,5%,10,"₦500,000",834,52.3,-1.12,-4669909.77,0.634
-8%,2.0,7%,5%,10,"₦1,000,000",834,52.3,-1.119,-9333147.54,0.634
-8%,2.0,7%,5%,15,"₦100,000",834,54.9,-1.084,-904195.12,0.654
-8%,2.0,7%,5%,15,"₦500,000",834,54.9,-1.078,-4494287.58,0.656
-8%,2.0,7%,5%,15,"₦1,000,000",834,54.9,-1.077,-8981903.16,0.656
-8%,2.0,7%,5%,20,"₦100,000",834,56.7,-1.004,-837449.47,0.68
-8%,2.0,7%,5%,20,"₦500,000",834,56.7,-0.998,-4160559.34,0.681
-8%,2.0,7%,5%,20,"₦1,000,000",834,56.7,-0.997,-8314446.67,0.682
-8%,2.0,7%,5%,25,"₦100,000",834,57.3,-1.01,-842749.1,0.682
-8%,2.0,7%,5%,25,"₦500,000",834,57.3,-1.004,-4187057.5,0.683
-8%,2.0,7%,5%,25,"₦1,000,000",834,57.3,-1.003,-8367443.0,0.684
-8%,2.0,7%,7%,10,"₦100,000",834,53.8,-1.389,-1158254.94,0.59
-8%,2.0,7%,7%,10,"₦500,000",834,53.8,-1.382,-5764586.69,0.591
-8%,2.0,7%,7%,10,"₦1,000,000",834,53.8,-1.382,-11522501.38,0.591
-8%,2.0,7%,7%,15,"₦100,000",834,57.0,-1.388,-1157792.85,0.604
-8%,2.0,7%,7%,15,"₦500,000",834,57.0,-1.382,-5762276.26,0.606
-8%,2.0,7%,7%,15,"₦1,000,000",834,57.0,-1.381,-11517880.51,0.606
-8%,2.0,7%,7%,20,"₦100,000",834,58.8,-1.326,-1105548.76,0.624
-8%,2.0,7%,7%,20,"₦500,000",834,58.8,-1.319,-5501055.81,0.626
-8%,2.0,7%,7%,20,"₦1,000,000",834,58.8,-1.318,-10995439.62,0.626
-8%,2.0,7%,7%,25,"₦100,000",834,59.2,-1.406,-1172653.78,0.614
-8%,2.0,7%,7%,25,"₦500,000",834,59.2,-1.4,-5836580.89,0.615
-8%,2.0,7%,7%,25,"₦1,000,000",834,59.2,-1.399,-11666489.78,0.615
-8%,2.0,10%,3%,10,"₦100,000",834,43.3,-0.267,-223093.01,0.908
-8%,2.0,10%,3%,10,"₦500,000",834,43.3,-0.261,-1088777.03,0.91
-8%,2.0,10%,3%,10,"₦1,000,000",834,43.3,-0.26,-2170882.07,0.911
-8%,2.0,10%,3%,15,"₦100,000",834,45.2,-0.141,-117760.25,0.953
-8%,2.0,10%,3%,15,"₦500,000",834,45.2,-0.135,-562113.26,0.955
-8%,2.0,10%,3%,15,"₦1,000,000",834,45.2,-0.134,-1117554.52,0.955
-8%,2.0,10%,3%,20,"₦100,000",834,45.7,-0.101,-83957.86,0.967
-8%,2.0,10%,3%,20,"₦500,000",834,45.7,-0.094,-393101.29,0.969
-8%,2.0,10%,3%,20,"₦1,000,000",834,45.7,-0.093,-779530.58,0.969
-8%,2.0,10%,3%,25,"₦100,000",834,45.8,-0.113,-94265.76,0.963
-8%,2.0,10%,3%,25,"₦500,000",834,45.8,-0.107,-444640.78,0.965
-8%,2.0,10%,3%,25,"₦1,000,000",834,45.8,-0.106,-882609.55,0.966
-8%,2.0,10%,5%,10,"₦100,000",834,46.2,-0.589,-491315.9,0.825
-8%,2.0,10%,5%,10,"₦500,000",834,46.2,-0.583,-2429891.49,0.827
-8%,2.0,10%,5%,10,"₦1,000,000",834,46.2,-0.582,-4853110.99,0.827
-8%,2.0,10%,5%,15,"₦100,000",834,48.4,-0.465,-387548.87,0.868
-8%,2.0,10%,5%,15,"₦500,000",834,48.4,-0.458,-1911056.34,0.869
-8%,2.0,10%,5%,15,"₦1,000,000",834,48.4,-0.457,-3815440.67,0.869
-8%,2.0,10%,5%,20,"₦100,000",834,49.9,-0.381,-318075.34,0.893
-8%,2.0,10%,5%,20,"₦500,000",834,49.9,-0.375,-1563688.68,0.895
-8%,2.0,10%,5%,20,"₦1,000,000",834,49.9,-0.374,-3120705.36,0.895
-8%,2.0,10%,5%,25,"₦100,000",834,49.8,-0.429,-357433.74,0.883
-8%,2.0,10%,5%,25,"₦500,000",834,49.8,-0.422,-1760480.7,0.884
-8%,2.0,10%,5%,25,"₦1,000,000",834,49.8,-0.421,-3514289.4,0.885
-8%,2.0,10%,7%,10,"₦100,000",834,47.7,-0.844,-703975.57,0.772
-8%,2.0,10%,7%,10,"₦500,000",834,47.7,-0.838,-3493189.87,0.774
-8%,2.0,10%,7%,10,"₦1,000,000",834,47.7,-0.837,-6979707.75,0.774
-8%,2.0,10%,7%,15,"₦100,000",834,50.5,-0.753,-628025.94,0.807
-8%,2.0,10%,7%,15,"₦500,000",834,50.5,-0.747,-3113441.7,0.809
-8%,2.0,10%,7%,15,"₦1,000,000",834,50.5,-0.746,-6220211.39,0.809
-8%,2.0,10%,7%,20,"₦100,000",834,52.2,-0.685,-571322.17,0.828
-8%,2.0,10%,7%,20,"₦500,000",834,52.2,-0.679,-2829922.83,0.83
-8%,2.0,10%,7%,20,"₦1,000,000",834,52.2,-0.678,-5653173.67,0.83
-8%,2.0,10%,7%,25,"₦100,000",834,52.0,-0.801,-668216.1,0.808
-8%,2.0,10%,7%,25,"₦500,000",834,52.0,-0.795,-3314392.5,0.809
-8%,2.0,10%,7%,25,"₦1,000,000",834,52.0,-0.794,-6622113.01,0.809
-10%,1.5,5%,3%,10,"₦100,000",784,56.2,-1.334,-1046025.39,0.438
-10%,1.5,5%,3%,10,"₦500,000",784,56.2,-1.328,-5205038.97,0.44
-10%,1.5,5%,3%,10,"₦1,000,000",784,56.2,-1.327,-10403805.94,0.44
-10%,1.5,5%,3%,15,"₦100,000",784,58.3,-1.324,-1038044.55,0.449
-10%,1.5,5%,3%,15,"₦500,000",784,58.3,-1.318,-5165134.76,0.451
-10%,1.5,5%,3%,15,"₦1,000,000",784,58.3,-1.317,-10323997.52,0.452
-10%,1.5,5%,3%,20,"₦100,000",784,58.7,-1.331,-1043177.0,0.45
-10%,1.5,5%,3%,20,"₦500,000",784,58.7,-1.324,-5190796.98,0.452
-10%,1.5,5%,3%,20,"₦1,000,000",784,58.7,-1.323,-10375321.96,0.452
-10%,1.5,5%,3%,25,"₦100,000",784,58.7,-1.352,-1060267.52,0.446
-10%,1.5,5%,3%,25,"₦500,000",784,58.7,-1.346,-5276249.6,0.448
-10%,1.5,5%,3%,25,"₦1,000,000",784,58.7,-1.345,-10546227.19,0.448
-10%,1.5,5%,5%,10,"₦100,000",784,59.9,-1.589,-1245853.06,0.41
-10%,1.5,5%,5%,10,"₦500,000",784,59.9,-1.583,-6204177.3,0.412
-10%,1.5,5%,5%,10,"₦1,000,000",784,59.9,-1.582,-12402082.59,0.412
-10%,1.5,5%,5%,15,"₦100,000",784,62.1,-1.632,-1279239.94,0.414
-10%,1.5,5%,5%,15,"₦500,000",784,62.1,-1.625,-6371111.7,0.415
-10%,1.5,5%,5%,15,"₦1,000,000",784,62.1,-1.624,-12735951.4,0.416
-10%,1.5,5%,5%,20,"₦100,000",784,62.9,-1.642,-1287226.92,0.415
-10%,1.5,5%,5%,20,"₦500,000",784,62.9,-1.635,-6411046.62,0.417
-10%,1.5,5%,5%,20,"₦1,000,000",784,62.9,-1.635,-12815821.24,0.417
-10%,1.5,5%,5%,25,"₦100,000",784,63.0,-1.677,-1314436.58,0.411
-10%,1.5,5%,5%,25,"₦500,000",784,63.0,-1.67,-6547094.88,0.413
-10%,1.5,5%,5%,25,"₦1,000,000",784,63.0,-1.669,-13087917.75,0.413
-10%,1.5,5%,7%,10,"₦100,000",784,61.2,-1.874,-1468857.47,0.376
-10%,1.5,5%,7%,10,"₦500,000",784,61.2,-1.867,-7319199.37,0.377
-10%,1.5,5%,7%,10,"₦1,000,000",784,61.2,-1.866,-14632126.74,0.378
-10%,1.5,5%,7%,15,"₦100,000",784,64.2,-1.94,-1520908.39,0.38
-10%,1.5,5%,7%,15,"₦500,000",784,64.2,-1.934,-7579453.93,0.382
-10%,1.5,5%,7%,15,"₦1,000,000",784,64.2,-1.933,-15152635.87,0.382
-10%,1.5,5%,7%,20,"₦100,000",784,64.9,-1.965,-1540296.95,0.38
-10%,1.5,5%,7%,20,"₦500,000",784,64.9,-1.958,-7676396.77,0.382
-10%,1.5,5%,7%,20,"₦1,000,000",784,64.9,-1.957,-15346521.55,0.382
-10%,1.5,5%,7%,25,"₦100,000",784,65.2,-2.057,-1612578.14,0.37
-10%,1.5,5%,7%,25,"₦500,000",784,65.2,-2.05,-8037802.72,0.372
-10%,1.5,5%,7%,25,"₦1,000,000",784,65.2,-2.05,-16069333.44,0.372
-10%,1.5,7%,3%,10,"₦100,000",784,52.4,-0.58,-454328.91,0.772
-10%,1.5,7%,3%,10,"₦500,000",784,52.4,-0.573,-2246556.56,0.774
-10%,1.5,7%,3%,10,"₦1,000,000",784,52.4,-0.572,-4486841.11,0.775
-10%,1.5,7%,3%,15,"₦100,000",784,54.5,-0.554,-434581.54,0.787
-10%,1.5,7%,3%,15,"₦500,000",784,54.5,-0.548,-2147819.7,0.789
-10%,1.5,7%,3%,15,"₦1,000,000",784,54.5,-0.547,-4289367.39,0.789
-10%,1.5,7%,3%,20,"₦100,000",784,55.1,-0.535,-419751.74,0.796
-10%,1.5,7%,3%,20,"₦500,000",784,55.1,-0.529,-2073670.7,0.798
-10%,1.5,7%,3%,20,"₦1,000,000",784,55.1,-0.528,-4141069.4,0.798
-10%,1.5,7%,3%,25,"₦100,000",784,55.0,-0.562,-440470.19,0.788
-10%,1.5,7%,3%,25,"₦500,000",784,55.0,-0.555,-2177262.93,0.791
-10%,1.5,7%,3%,25,"₦1,000,000",784,55.0,-0.555,-4348253.86,0.791
-10%,1.5,7%,5%,10,"₦100,000",784,55.7,-0.837,-655919.35,0.713
-10%,1.5,7%,5%,10,"₦500,000",784,55.7,-0.83,-3254508.74,0.715
-10%,1.5,7%,5%,10,"₦1,000,000",784,55.7,-0.829,-6502745.48,0.715
-10%,1.5,7%,5%,15,"₦100,000",784,58.3,-0.84,-658499.98,0.722
-10%,1.5,7%,5%,15,"₦500,000",784,58.3,-0.834,-3267411.9,0.724
-10%,1.5,7%,5%,15,"₦1,000,000",784,58.3,-0.833,-6528551.81,0.724
-10%,1.5,7%,5%,20,"₦100,000",784,59.6,-0.802,-628404.67,0.737
-10%,1.5,7%,5%,20,"₦500,000",784,59.6,-0.795,-3116935.34,0.739
-10%,1.5,7%,5%,20,"₦1,000,000",784,59.6,-0.794,-6227598.68,0.739
-10%,1.5,7%,5%,25,"₦100,000",784,59.6,-0.839,-657901.45,0.73
-10%,1.5,7%,5%,25,"₦500,000",784,59.6,-0.833,-3264419.24,0.732
-10%,1.5,7%,5%,25,"₦1,000,000",784,59.6,-0.832,-6522566.47,0.732
-10%,1.5,7%,7%,10,"₦100,000",784,57.3,-1.084,-850031.97,0.663
-10%,1.5,7%,7%,10,"₦500,000",784,57.3,-1.078,-4225071.83,0.664
-10%,1.5,7%,7%,10,"₦1,000,000",784,57.3,-1.077,-8443871.66,0.664
-10%,1.5,7%,7%,15,"₦100,000",784,60.7,-1.107,-868209.11,0.672
-10%,1.5,7%,7%,15,"₦500,000",784,60.7,-1.101,-4315957.53,0.674
-10%,1.5,7%,7%,15,"₦1,000,000",784,60.7,-1.1,-8625643.06,0.674
-10%,1.5,7%,7%,20,"₦100,000",784,61.7,-1.101,-862821.03,0.679
-10%,1.5,7%,7%,20,"₦500,000",784,61.7,-1.094,-4289017.13,0.681
-10%,1.5,7%,7%,20,"₦1,000,000",784,61.7,-1.093,-8571762.26,0.681
-10%,1.5,7%,7%,25,"₦100,000",784,61.7,-1.2,-940797.28,0.662
-10%,1.5,7%,7%,25,"₦500,000",784,61.7,-1.194,-4678898.42,0.663
-10%,1.5,7%,7%,25,"₦1,000,000",784,61.7,-1.193,-9351524.85,0.663
-10%,1.5,10%,3%,10,"₦100,000",784,46.2,0.038,30108.02,1.014
-10%,1.5,10%,3%,10,"₦500,000",784,46.2,0.045,175628.1,1.016
-10%,1.5,10%,3%,10,"₦1,000,000",784,46.2,0.046,357528.19,1.016
-10%,1.5,10%,3%,15,"₦100,000",784,47.4,0.097,75763.29,1.033
-10%,1.5,10%,3%,15,"₦500,000",784,47.4,0.103,403904.44,1.035
-10%,1.5,10%,3%,15,"₦1,000,000",784,47.4,0.104,814080.89,1.035
-10%,1.5,10%,3%,20,"₦100,000",784,48.2,0.111,87323.49,1.037
-10%,1.5,10%,3%,20,"₦500,000",784,48.2,0.118,461705.46,1.039
-10%,1.5,10%,3%,20,"₦1,000,000",784,48.2,0.119,929682.92,1.04
-10%,1.5,10%,3%,25,"₦100,000",784,47.2,0.043,33795.81,1.014
-10%,1.5,10%,3%,25,"₦500,000",784,47.2,0.05,194067.03,1.016
-10%,1.5,10%,3%,25,"₦1,000,000",784,47.2,0.05,394406.05,1.016
-10%,1.5,10%,5%,10,"₦100,000",784,50.0,-0.182,-142318.47,0.944
-10%,1.5,10%,5%,10,"₦500,000",784,50.0,-0.175,-686504.33,0.946
-10%,1.5,10%,5%,10,"₦1,000,000",784,50.0,-0.174,-1366736.67,0.946
-10%,1.5,10%,5%,15,"₦100,000",784,51.3,-0.151,-118693.53,0.956
-10%,1.5,10%,5%,15,"₦500,000",784,51.3,-0.145,-568379.64,0.958
-10%,1.5,10%,5%,15,"₦1,000,000",784,51.3,-0.144,-1130487.27,0.958
-10%,1.5,10%,5%,20,"₦100,000",784,52.8,-0.119,-93530.71,0.966
-10%,1.5,10%,5%,20,"₦500,000",784,52.8,-0.113,-442565.57,0.968
-10%,1.5,10%,5%,20,"₦1,000,000",784,52.8,-0.112,-878859.15,0.968
-10%,1.5,10%,5%,25,"₦100,000",784,51.4,-0.255,-199838.27,0.93
-10%,1.5,10%,5%,25,"₦500,000",784,51.4,-0.248,-974103.35,0.932
-10%,1.5,10%,5%,25,"₦1,000,000",784,51.4,-0.248,-1941934.7,0.932
-10%,1.5,10%,7%,10,"₦100,000",784,51.7,-0.426,-334285.86,0.88
-10%,1.5,10%,7%,10,"₦500,000",784,51.7,-0.42,-1646341.32,0.882
-10%,1.5,10%,7%,10,"₦1,000,000",784,51.7,-0.419,-3286410.63,0.882
-10%,1.5,10%,7%,15,"₦100,000",784,53.8,-0.394,-308673.3,0.897
-10%,1.5,10%,7%,15,"₦500,000",784,53.8,-0.387,-1518278.49,0.898
-10%,1.5,10%,7%,15,"₦1,000,000",784,53.8,-0.387,-3030284.97,0.898
-10%,1.5,10%,7%,20,"₦100,000",784,55.2,-0.417,-326608.81,0.894
-10%,1.5,10%,7%,20,"₦500,000",784,55.2,-0.41,-1607956.06,0.896
-10%,1.5,10%,7%,20,"₦1,000,000",784,55.2,-0.409,-3209640.12,0.896
-10%,1.5,10%,7%,25,"₦100,000",784,54.0,-0.598,-468694.91,0.855
-10%,1.5,10%,7%,25,"₦500,000",784,54.0,-0.591,-2318386.56,0.857
-10%,1.5,10%,7%,25,"₦1,000,000",784,54.0,-0.591,-4630501.13,0.857
-10%,2.0,5%,3%,10,"₦100,000",515,55.0,-1.435,-738792.06,0.415
-10%,2.0,5%,3%,10,"₦500,000",515,55.0,-1.428,-3677480.29,0.417
-10%,2.0,5%,3%,10,"₦1,000,000",515,55.0,-1.427,-7350840.59,0.417
-10%,2.0,5%,3%,15,"₦100,000",515,56.7,-1.426,-734375.81,0.425
-10%,2.0,5%,3%,15,"₦500,000",515,56.7,-1.42,-3655399.06,0.427
-10%,2.0,5%,3%,15,"₦1,000,000",515,56.7,-1.419,-7306678.12,0.427
-10%,2.0,5%,3%,20,"₦100,000",515,57.1,-1.438,-740716.08,0.424
-10%,2.0,5%,3%,20,"₦500,000",515,57.1,-1.432,-3687100.4,0.426
-10%,2.0,5%,3%,20,"₦1,000,000",515,57.1,-1.431,-7370080.8,0.427
-10%,2.0,5%,3%,25,"₦100,000",515,57.1,-1.46,-751782.22,0.421
-10%,2.0,5%,3%,25,"₦500,000",515,57.1,-1.453,-3742431.11,0.423
-10%,2.0,5%,3%,25,"₦1,000,000",515,57.1,-1.453,-7480742.23,0.423
-10%,2.0,5%,5%,10,"₦100,000",515,58.1,-1.742,-897306.31,0.381
-10%,2.0,5%,5%,10,"₦500,000",515,58.1,-1.736,-4470051.53,0.383
-10%,2.0,5%,5%,10,"₦1,000,000",515,58.1,-1.735,-8935983.05,0.383
-10%,2.0,5%,5%,15,"₦100,000",515,60.2,-1.777,-914995.08,0.386
-10%,2.0,5%,5%,15,"₦500,000",515,60.2,-1.77,-4558495.38,0.388
-10%,2.0,5%,5%,15,"₦1,000,000",515,60.2,-1.769,-9112870.77,0.388
-10%,2.0,5%,5%,20,"₦100,000",515,61.2,-1.774,-913691.08,0.39
-10%,2.0,5%,5%,20,"₦500,000",515,61.2,-1.768,-4551975.4,0.392
-10%,2.0,5%,5%,20,"₦1,000,000",515,61.2,-1.767,-9099830.79,0.392
-10%,2.0,5%,5%,25,"₦100,000",515,61.4,-1.804,-928976.85,0.387
-10%,2.0,5%,5%,25,"₦500,000",515,61.4,-1.797,-4628404.25,0.389
-10%,2.0,5%,5%,25,"₦1,000,000",515,61.4,-1.797,-9252688.5,0.389
-10%,2.0,5%,7%,10,"₦100,000",515,59.6,-2.009,-1034847.52,0.354
-10%,2.0,5%,7%,10,"₦500,000",515,59.6,-2.003,-5157757.61,0.356
-10%,2.0,5%,7%,10,"₦1,000,000",515,59.6,-2.002,-10311395.22,0.356
-10%,2.0,5%,7%,15,"₦100,000",515,62.3,-2.064,-1063149.77,0.359
-10%,2.0,5%,7%,15,"₦500,000",515,62.3,-2.058,-5299268.87,0.361
-10%,2.0,5%,7%,15,"₦1,000,000",515,62.3,-2.057,-10594417.74,0.361
-10%,2.0,5%,7%,20,"₦100,000",515,63.3,-2.104,-1083410.04,0.358
-10%,2.0,5%,7%,20,"₦500,000",515,63.3,-2.097,-5400570.22,0.36
-10%,2.0,5%,7%,20,"₦1,000,000",515,63.3,-2.097,-10797020.44,0.36
-10%,2.0,5%,7%,25,"₦100,000",515,63.7,-2.181,-1123231.4,0.352
-10%,2.0,5%,7%,25,"₦500,000",515,63.7,-2.175,-5599677.02,0.353
-10%,2.0,5%,7%,25,"₦1,000,000",515,63.7,-2.174,-11195234.03,0.353
-10%,2.0,7%,3%,10,"₦100,000",515,51.7,-0.658,-338720.4,0.748
-10%,2.0,7%,3%,10,"₦500,000",515,51.7,-0.651,-1677122.02,0.75
-10%,2.0,7%,3%,10,"₦1,000,000",515,51.7,-0.651,-3350124.03,0.75
-10%,2.0,7%,3%,15,"₦100,000",515,53.4,-0.635,-327094.07,0.76
-10%,2.0,7%,3%,15,"₦500,000",515,53.4,-0.629,-1618990.33,0.762
-10%,2.0,7%,3%,15,"₦1,000,000",515,53.4,-0.628,-3233860.66,0.762
-10%,2.0,7%,3%,20,"₦100,000",515,54.0,-0.62,-319049.6,0.767
-10%,2.0,7%,3%,20,"₦500,000",515,54.0,-0.613,-1578767.99,0.77
-10%,2.0,7%,3%,20,"₦1,000,000",515,54.0,-0.612,-3153415.99,0.77
-10%,2.0,7%,3%,25,"₦100,000",515,53.8,-0.653,-336500.89,0.759
-10%,2.0,7%,3%,25,"₦500,000",515,53.8,-0.647,-1666024.45,0.761
-10%,2.0,7%,3%,25,"₦1,000,000",515,53.8,-0.646,-3327928.9,0.761
-10%,2.0,7%,5%,10,"₦100,000",515,54.2,-1.0,-515234.51,0.671
-10%,2.0,7%,5%,10,"₦500,000",515,54.2,-0.994,-2559692.55,0.672
-10%,2.0,7%,5%,10,"₦1,000,000",515,54.2,-0.993,-5115265.09,0.673
-10%,2.0,7%,5%,15,"₦100,000",515,56.7,-0.991,-510603.49,0.682
-10%,2.0,7%,5%,15,"₦500,000",515,56.7,-0.985,-2536537.45,0.684
-10%,2.0,7%,5%,15,"₦1,000,000",515,56.7,-0.984,-5068954.89,0.684
-10%,2.0,7%,5%,20,"₦100,000",515,58.1,-0.932,-480225.6,0.701
-10%,2.0,7%,5%,20,"₦500,000",515,58.1,-0.926,-2384647.99,0.703
-10%,2.0,7%,5%,20,"₦1,000,000",515,58.1,-0.925,-4765175.98,0.703
-10%,2.0,7%,5%,25,"₦100,000",515,58.1,-0.972,-500555.72,0.695
-10%,2.0,7%,5%,25,"₦500,000",515,58.1,-0.966,-2486298.61,0.696
-10%,2.0,7%,5%,25,"₦1,000,000",515,58.1,-0.965,-4968477.22,0.697
-10%,2.0,7%,7%,10,"₦100,000",515,55.9,-1.224,-630432.75,0.632
-10%,2.0,7%,7%,10,"₦500,000",515,55.9,-1.218,-3135683.73,0.633
-10%,2.0,7%,7%,10,"₦1,000,000",515,55.9,-1.217,-6267247.45,0.633
-10%,2.0,7%,7%,15,"₦100,000",515,59.2,-1.235,-636161.11,0.641
-10%,2.0,7%,7%,15,"₦500,000",515,59.2,-1.229,-3164325.57,0.643
-10%,2.0,7%,7%,15,"₦1,000,000",515,59.2,-1.228,-6324531.14,0.643
-10%,2.0,7%,7%,20,"₦100,000",515,60.2,-1.23,-633684.89,0.649
-10%,2.0,7%,7%,20,"₦500,000",515,60.2,-1.224,-3151944.45,0.65
-10%,2.0,7%,7%,20,"₦1,000,000",515,60.2,-1.223,-6299768.89,0.651
-10%,2.0,7%,7%,25,"₦100,000",515,60.4,-1.318,-678752.29,0.635
-10%,2.0,7%,7%,25,"₦500,000",515,60.4,-1.312,-3377281.47,0.637
-10%,2.0,7%,7%,25,"₦1,000,000",515,60.4,-1.311,-6750442.94,0.637
-10%,2.0,10%,3%,10,"₦100,000",515,45.2,-0.058,-29927.92,0.98
-10%,2.0,10%,3%,10,"₦500,000",515,45.2,-0.052,-133159.58,0.982
-10%,2.0,10%,3%,10,"₦1,000,000",515,45.2,-0.051,-262199.17,0.982
-10%,2.0,10%,3%,15,"₦100,000",515,46.8,0.027,13919.0,1.009
-10%,2.0,10%,3%,15,"₦500,000",515,46.8,0.033,86075.01,1.011
-10%,2.0,10%,3%,15,"₦1,000,000",515,46.8,0.034,176270.03,1.011
-10%,2.0,10%,3%,20,"₦100,000",515,47.2,0.019,9873.91,1.006
-10%,2.0,10%,3%,20,"₦500,000",515,47.2,0.026,65849.53,1.008
-10%,2.0,10%,3%,20,"₦1,000,000",515,47.2,0.026,135819.07,1.009
-10%,2.0,10%,3%,25,"₦100,000",515,46.0,-0.077,-39464.69,0.975
-10%,2.0,10%,3%,25,"₦500,000",515,46.0,-0.07,-180843.43,0.977
-10%,2.0,10%,3%,25,"₦1,000,000",515,46.0,-0.069,-357566.86,0.978
-10%,2.0,10%,5%,10,"₦100,000",515,48.3,-0.338,-173974.14,0.899
-10%,2.0,10%,5%,10,"₦500,000",515,48.3,-0.331,-853390.69,0.9
-10%,2.0,10%,5%,10,"₦1,000,000",515,48.3,-0.331,-1702661.38,0.901
-10%,2.0,10%,5%,15,"₦100,000",515,50.5,-0.255,-131370.74,0.927
-10%,2.0,10%,5%,15,"₦500,000",515,50.5,-0.249,-640373.69,0.929
-10%,2.0,10%,5%,15,"₦1,000,000",515,50.5,-0.248,-1276627.38,0.929
-10%,2.0,10%,5%,20,"₦100,000",515,51.7,-0.239,-123241.14,0.933
-10%,2.0,10%,5%,20,"₦500,000",515,51.7,-0.233,-599725.69,0.935
-10%,2.0,10%,5%,20,"₦1,000,000",515,51.7,-0.232,-1195331.38,0.935
-10%,2.0,10%,5%,25,"₦100,000",515,50.1,-0.402,-206894.63,0.891
-10%,2.0,10%,5%,25,"₦500,000",515,50.1,-0.395,-1017993.17,0.893
-10%,2.0,10%,5%,25,"₦1,000,000",515,50.1,-0.395,-2031866.34,0.893
-10%,2.0,10%,7%,10,"₦100,000",515,50.3,-0.542,-279117.39,0.851
-10%,2.0,10%,7%,10,"₦500,000",515,50.3,-0.536,-1379106.93,0.853
-10%,2.0,10%,7%,10,"₦1,000,000",515,50.3,-0.535,-2754093.87,0.853
-10%,2.0,10%,7%,15,"₦100,000",515,53.0,-0.47,-242099.95,0.877
-10%,2.0,10%,7%,15,"₦500,000",515,53.0,-0.464,-1194019.75,0.879
-10%,2.0,10%,7%,15,"₦1,000,000",515,53.0,-0.463,-2383919.49,0.879
-10%,2.0,10%,7%,20,"₦100,000",515,54.2,-0.506,-260735.34,0.873
-10%,2.0,10%,7%,20,"₦500,000",515,54.2,-0.5,-1287196.7,0.875
-10%,2.0,10%,7%,20,"₦1,000,000",515,54.2,-0.499,-2570273.41,0.875
-10%,2.0,10%,7%,25,"₦100,000",515,52.8,-0.723,-372360.01,0.827
-10%,2.0,10%,7%,25,"₦500,000",515,52.8,-0.717,-1845320.07,0.829
-10%,2.0,10%,7%,25,"₦1,000,000",515,52.8,-0.716,-3686520.14,0.829
