Ticker,Entry_Date,Exit_Date,Entry_Price,Exit_Price,Stop_Loss_Price,Profit_Target_Price,Gross_Return,Net_Return,Net_PnL_NGN,Days_Held,Exit_Reason
Cutix,2017-08-04,2017-08-15,1.095,1.2045,1.0622,1.2045,10.0,6.77,6774.5,11,Profit Target
Nahco,2017-08-17,2017-09-05,2.377,2.3057,2.3057,2.6147,-3.0,-6.01,-6007.75,19,Stop Loss
Lafarge Africa,2017-09-11,2017-09-12,48.71,47.2487,47.2487,53.581,-3.0,-6.01,-6007.75,1,Stop Loss
Neimeth,2017-09-18,2017-09-19,0.61,0.5917,0.5917,0.671,-3.0,-6.01,-6007.75,1,Stop Loss
Neimeth,2017-09-21,2017-09-25,0.58,0.5626,0.5626,0.638,-3.0,-6.01,-6007.75,4,Stop Loss
Lafarge Africa,2017-10-24,2017-10-26,50.0,48.5,48.5,55.0,-3.0,-6.01,-6007.75,2,Stop Loss
Cutix,2017-10-30,2017-10-31,1.05,1.155,1.0185,1.155,10.0,6.77,6774.5,1,Profit Target
Cutix,2017-10-31,2017-11-02,2.1,2.037,2.037,2.31,-3.0,-6.01,-6007.75,2,Stop Loss
International Breweries,2017-11-01,2017-11-07,46.55,45.1535,45.1535,51.205,-3.0,-6.01,-6007.75,6,Stop Loss
Linkassure,2017-11-15,2017-11-16,0.26,0.2522,0.2522,0.286,-3.0,-6.01,-6007.75,1,Stop Loss
Cutix,2017-11-21,2017-11-24,0.975,1.0725,0.9458,1.0725,10.0,6.77,6774.5,3,Profit Target
Cutix,2017-12-05,2017-12-07,1.045,1.1495,1.0136,1.1495,10.0,6.77,6774.5,2,Profit Target
Cutix,2017-12-07,2017-12-08,2.19,2.1243,2.1243,2.409,-3.0,-6.01,-6007.75,1,Stop Loss
Lafarge Africa,2017-12-14,2017-12-15,43.6,42.292,42.292,47.96,-3.0,-6.01,-6007.75,1,Stop Loss
Linkassure,2017-12-18,2017-12-21,0.25,0.275,0.2425,0.275,10.0,6.77,6774.5,3,Profit Target
Neimeth,2018-01-05,2018-01-10,0.63,0.693,0.6111,0.693,10.0,6.77,6774.5,5,Profit Target
Fcmb,2018-01-29,2018-02-01,3.09,2.9973,2.9973,3.399,-3.0,-6.01,-6007.75,3,Stop Loss
Coronation Insurance,2018-02-13,2018-02-20,0.64,0.6208,0.6208,0.704,-3.0,-6.01,-6007.75,7,Stop Loss
Cutix,2018-02-14,2018-02-15,2.25,2.1825,2.1825,2.475,-3.0,-6.01,-6007.75,1,Stop Loss
Aiico,2018-02-15,2018-02-16,0.73,0.7081,0.7081,0.803,-3.0,-6.01,-6007.75,1,Stop Loss
United Capital,2018-02-28,2018-03-02,3.75,4.125,3.6375,4.125,10.0,6.77,6774.5,2,Profit Target
Zenith Bank,2018-03-19,2018-03-23,27.0,29.7,26.19,29.7,10.0,6.77,6774.5,4,Profit Target
Coronation Insurance,2018-03-20,2018-03-27,0.52,0.572,0.5044,0.572,10.0,6.77,6774.5,7,Profit Target
McNichols,2018-03-20,2018-06-05,0.46,0.45,0.4462,0.506,-2.17,-5.2,-5195.5,77,Time Stop
McNichols,2018-03-21,2018-06-07,0.46,0.45,0.4462,0.506,-2.17,-5.2,-5195.5,78,Time Stop
Japaul Gold Ventures,2018-03-22,2018-03-23,0.6,0.66,0.582,0.66,10.0,6.77,6774.5,1,Profit Target
Wema Bank,2018-04-30,2018-05-07,0.88,0.8536,0.8536,0.968,-3.0,-6.01,-6007.75,7,Stop Loss
Dangote Sugar,2018-05-04,2018-05-24,18.15,17.6055,17.6055,19.965,-3.0,-6.01,-6007.75,20,Stop Loss
Cutix,2018-05-28,2018-05-31,2.85,2.7645,2.7645,3.135,-3.0,-6.01,-6007.75,3,Stop Loss
Fcmb,2018-05-28,2018-06-05,2.09,2.299,2.0273,2.299,10.0,6.77,6774.5,8,Profit Target
First HoldCo,2018-05-30,2018-05-31,8.8,9.68,8.536,9.68,10.0,6.77,6774.5,1,Profit Target
United Capital,2018-05-30,2018-06-05,2.9,3.19,2.813,3.19,10.0,6.77,6774.5,6,Profit Target
Nigerian Breweries,2018-05-31,2018-06-01,90.8,88.076,88.076,99.88,-3.0,-6.01,-6007.75,1,Stop Loss
Linkassure,2018-05-31,2018-06-27,0.36,0.3492,0.3492,0.396,-3.0,-6.01,-6007.75,27,Stop Loss
Nigerian Breweries,2018-06-01,2018-06-06,82.4,90.64,79.928,90.64,10.0,6.77,6774.5,5,Profit Target
Japaul Gold Ventures,2018-06-01,2018-06-05,0.22,0.242,0.2134,0.242,10.0,6.77,6774.5,4,Profit Target
Lafarge Africa,2018-06-01,2018-06-06,33.02,36.322,32.0294,36.322,10.0,6.77,6774.5,5,Profit Target
Nigerian Breweries,2018-06-04,2018-06-06,84.72,93.192,82.1784,93.192,10.0,6.77,6774.5,2,Profit Target
Lafarge Africa,2018-07-13,2018-07-20,33.5,32.495,32.495,36.85,-3.0,-6.01,-6007.75,7,Stop Loss
Linkassure,2018-07-18,2018-07-19,0.29,0.319,0.2813,0.319,10.0,6.77,6774.5,1,Profit Target
Lafarge Africa,2018-07-25,2018-08-06,25.59,28.149,24.8223,28.149,10.0,6.77,6774.5,12,Profit Target
First HoldCo,2018-07-25,2018-08-24,9.2,9.65,8.924,10.12,4.89,1.75,1751.38,30,Time Stop
Lafarge Africa,2018-07-26,2018-08-06,26.71,29.381,25.9087,29.381,10.0,6.77,6774.5,11,Profit Target
Japaul Gold Ventures,2018-07-27,2018-07-30,0.26,0.286,0.2522,0.286,10.0,6.77,6774.5,3,Profit Target
Neimeth,2018-07-27,2018-07-30,0.35,0.385,0.3395,0.385,10.0,6.77,6774.5,3,Profit Target
Lafarge Africa,2018-07-30,2018-08-06,26.71,29.381,25.9087,29.381,10.0,6.77,6774.5,7,Profit Target
Coronation Insurance,2018-08-02,2018-08-17,0.39,0.3783,0.3783,0.429,-3.0,-6.01,-6007.75,15,Stop Loss
United Capital,2018-08-07,2018-08-08,2.8,3.08,2.716,3.08,10.0,6.77,6774.5,1,Profit Target
Mutual Benefits Assurance,2018-08-08,2018-08-09,0.31,0.3007,0.3007,0.341,-3.0,-6.01,-6007.75,1,Stop Loss
Mutual Benefits Assurance,2018-08-09,2018-08-10,0.28,0.308,0.2716,0.308,10.0,6.77,6774.5,1,Profit Target
Linkassure,2018-08-10,2018-08-14,0.31,0.3007,0.3007,0.341,-3.0,-6.01,-6007.75,4,Stop Loss
Linkassure,2018-08-15,2018-08-16,0.27,0.297,0.2619,0.297,10.0,6.77,6774.5,1,Profit Target
Abctrans,2018-08-15,2018-09-12,0.36,0.3492,0.3492,0.396,-3.0,-6.01,-6007.75,28,Stop Loss
Linkassure,2018-08-16,2018-08-20,0.29,0.319,0.2813,0.319,10.0,6.77,6774.5,4,Profit Target
Neimeth,2018-08-20,2018-09-11,0.55,0.605,0.5335,0.605,10.0,6.77,6774.5,22,Profit Target
Coronation Insurance,2018-08-20,2018-09-03,0.35,0.385,0.3395,0.385,10.0,6.77,6774.5,14,Profit Target
Coronation Insurance,2018-08-23,2018-09-03,0.34,0.374,0.3298,0.374,10.0,6.77,6774.5,11,Profit Target
UBA,2018-08-24,2018-09-11,8.0,7.76,7.76,8.8,-3.0,-6.01,-6007.75,18,Stop Loss
UBA,2018-08-27,2018-09-11,8.0,7.76,7.76,8.8,-3.0,-6.01,-6007.75,15,Stop Loss
Coronation Insurance,2018-08-27,2018-09-03,0.34,0.374,0.3298,0.374,10.0,6.77,6774.5,7,Profit Target
Ikeja,2018-08-31,2018-10-11,2.27,2.27,2.2019,2.497,0.0,-3.06,-3058.0,41,Time Stop
Aiico,2018-09-03,2018-09-04,0.62,0.682,0.6014,0.682,10.0,6.77,6774.5,1,Profit Target
Lafarge Africa,2018-09-03,2018-09-13,22.82,22.1354,22.1354,25.102,-3.0,-6.01,-6007.75,10,Stop Loss
First HoldCo,2018-09-13,2018-10-02,8.1,8.91,7.857,8.91,10.0,6.77,6774.5,19,Profit Target
Secure Electronic Tech,2018-09-17,2019-05-14,0.2,0.2,0.194,0.22,0.0,-3.06,-3058.0,239,Time Stop
Linkassure,2018-09-19,2018-09-27,0.26,0.286,0.2522,0.286,10.0,6.77,6774.5,8,Profit Target
McNichols,2018-10-12,2018-10-22,0.27,0.2619,0.2619,0.297,-3.0,-6.01,-6007.75,10,Stop Loss
Cutix,2018-10-15,2018-10-17,1.85,2.035,1.7945,2.035,10.0,6.77,6774.5,2,Profit Target
Japaul Gold Ventures,2018-10-17,2018-10-23,0.21,0.2037,0.2037,0.231,-3.0,-6.01,-6007.75,6,Stop Loss
McNichols,2018-10-22,2018-10-23,0.27,0.2619,0.2619,0.297,-3.0,-6.01,-6007.75,1,Stop Loss
Japaul Gold Ventures,2018-10-22,2018-10-23,0.21,0.2037,0.2037,0.231,-3.0,-6.01,-6007.75,1,Stop Loss
McNichols,2018-10-23,2018-10-24,0.25,0.2425,0.2425,0.275,-3.0,-6.01,-6007.75,1,Stop Loss
Neimeth,2018-10-23,2018-11-01,0.49,0.539,0.4753,0.539,10.0,6.77,6774.5,9,Profit Target
McNichols,2018-10-24,2018-10-25,0.23,0.2231,0.2231,0.253,-3.0,-6.01,-6007.75,1,Stop Loss
Neimeth,2018-10-24,2018-11-01,0.49,0.539,0.4753,0.539,10.0,6.77,6774.5,8,Profit Target
Lafarge Africa,2018-10-24,2018-10-30,18.16,17.6152,17.6152,19.976,-3.0,-6.01,-6007.75,6,Stop Loss
McNichols,2018-10-25,2018-10-26,0.2,0.194,0.194,0.22,-3.0,-6.01,-6007.75,1,Stop Loss
McNichols,2018-10-26,2018-11-27,0.19,0.209,0.1843,0.209,10.0,6.77,6774.5,32,Profit Target
Lafarge Africa,2018-10-26,2018-10-30,18.06,17.5182,17.5182,19.866,-3.0,-6.01,-6007.75,4,Stop Loss
Lafarge Africa,2018-10-29,2018-10-30,17.72,17.1884,17.1884,19.492,-3.0,-6.01,-6007.75,1,Stop Loss
Neimeth,2018-10-29,2018-11-01,0.49,0.539,0.4753,0.539,10.0,6.77,6774.5,3,Profit Target
First HoldCo,2018-10-31,2018-11-01,8.25,8.0025,8.0025,9.075,-3.0,-6.01,-6007.75,1,Stop Loss
First HoldCo,2018-11-01,2018-11-02,8.0,7.76,7.76,8.8,-3.0,-6.01,-6007.75,1,Stop Loss
Dangote Sugar,2018-11-02,2018-12-03,12.7,13.05,12.319,13.97,2.76,-0.35,-348.26,31,Time Stop
First HoldCo,2018-11-05,2018-11-07,7.65,7.4205,7.4205,8.415,-3.0,-6.01,-6007.75,2,Stop Loss
Dangote Sugar,2018-11-05,2018-11-13,13.0,12.61,12.61,14.3,-3.0,-6.01,-6007.75,8,Stop Loss
Dangote Sugar,2018-11-06,2018-11-14,12.9,12.513,12.513,14.19,-3.0,-6.01,-6007.75,8,Stop Loss
Mutual Benefits Assurance,2018-11-08,2018-11-09,0.25,0.2425,0.2425,0.275,-3.0,-6.01,-6007.75,1,Stop Loss
Aiico,2018-11-08,2018-12-05,0.4,0.44,0.388,0.44,10.0,6.77,6774.5,27,Profit Target
Lafarge Africa,2018-11-08,2018-11-09,15.25,14.7925,14.7925,16.775,-3.0,-6.01,-6007.75,1,Stop Loss
Aiico,2018-11-12,2018-12-06,0.41,0.451,0.3977,0.451,10.0,6.77,6774.5,24,Profit Target
Lafarge Africa,2018-11-26,2018-11-27,13.6,13.192,13.192,14.96,-3.0,-6.01,-6007.75,1,Stop Loss
Lafarge Africa,2018-11-27,2018-11-29,13.35,12.9495,12.9495,14.685,-3.0,-6.01,-6007.75,2,Stop Loss
Lafarge Africa,2018-11-28,2018-12-17,12.62,12.2414,12.2414,13.882,-3.0,-6.01,-6007.75,19,Stop Loss
Lafarge Africa,2018-11-29,2018-12-04,12.96,12.5712,12.5712,14.256,-3.0,-6.01,-6007.75,5,Stop Loss
Lafarge Africa,2018-11-30,2018-12-17,12.67,12.2899,12.2899,13.937,-3.0,-6.01,-6007.75,17,Stop Loss
Abctrans,2018-12-03,2018-12-11,0.27,0.2619,0.2619,0.297,-3.0,-6.01,-6007.75,8,Stop Loss
Abctrans,2018-12-05,2018-12-11,0.27,0.2619,0.2619,0.297,-3.0,-6.01,-6007.75,6,Stop Loss
Linkassure,2018-12-05,2018-12-27,0.24,0.264,0.2328,0.264,10.0,6.77,6774.5,22,Profit Target
Mutual Benefits Assurance,2018-12-11,2018-12-12,0.21,0.2037,0.2037,0.231,-3.0,-6.01,-6007.75,1,Stop Loss
Mutual Benefits Assurance,2018-12-12,2019-01-14,0.2,0.21,0.194,0.22,5.0,1.86,1858.25,33,Time Stop
Mutual Benefits Assurance,2018-12-14,2019-01-16,0.2,0.21,0.194,0.22,5.0,1.86,1858.25,33,Time Stop
First HoldCo,2019-01-09,2019-02-06,7.15,7.45,6.9355,7.865,4.2,1.07,1067.52,28,Time Stop
Linkassure,2019-01-15,2019-01-18,0.26,0.2522,0.2522,0.286,-3.0,-6.01,-6007.75,3,Stop Loss
Neimeth,2019-01-16,2019-01-18,0.58,0.638,0.5626,0.638,10.0,6.77,6774.5,2,Profit Target
Neimeth,2019-01-17,2019-01-18,0.55,0.605,0.5335,0.605,10.0,6.77,6774.5,1,Profit Target
Linkassure,2019-01-21,2019-01-22,0.24,0.264,0.2328,0.264,10.0,6.77,6774.5,1,Profit Target
McNichols,2019-01-28,2019-01-29,0.18,0.1746,0.1746,0.198,-3.0,-6.01,-6007.75,1,Stop Loss
McNichols,2019-01-29,2019-01-30,0.16,0.1552,0.1552,0.176,-3.0,-6.01,-6007.75,1,Stop Loss
McNichols,2019-01-30,2019-02-04,0.15,0.165,0.1455,0.165,10.0,6.77,6774.5,5,Profit Target
McNichols,2019-01-31,2019-02-01,0.14,0.154,0.1358,0.154,10.0,6.77,6774.5,1,Profit Target
Neimeth,2019-02-25,2019-03-04,0.61,0.671,0.5917,0.671,10.0,6.77,6774.5,7,Profit Target
Mutual Benefits Assurance,2019-03-06,2019-03-07,0.25,0.2425,0.2425,0.275,-3.0,-6.01,-6007.75,1,Stop Loss
Japaul Gold Ventures,2019-03-06,2019-03-11,0.21,0.2037,0.2037,0.231,-3.0,-6.01,-6007.75,5,Stop Loss
Japaul Gold Ventures,2019-03-07,2019-03-11,0.21,0.2037,0.2037,0.231,-3.0,-6.01,-6007.75,4,Stop Loss
Mutual Benefits Assurance,2019-03-08,2019-03-20,0.23,0.2231,0.2231,0.253,-3.0,-6.01,-6007.75,12,Stop Loss
Mutual Benefits Assurance,2019-03-11,2019-03-20,0.23,0.2231,0.2231,0.253,-3.0,-6.01,-6007.75,9,Stop Loss
International Breweries,2019-03-15,2019-04-12,24.05,23.5,23.3285,26.455,-2.29,-5.31,-5306.6,28,Time Stop
Linkassure,2019-03-19,2019-04-03,0.24,0.2328,0.2328,0.264,-3.0,-6.01,-6007.75,15,Stop Loss
Ikeja,2019-03-19,2019-03-20,1.87,1.8139,1.8139,2.057,-3.0,-6.01,-6007.75,1,Stop Loss
Aiico,2019-03-21,2019-03-22,0.44,0.484,0.4268,0.484,10.0,6.77,6774.5,1,Profit Target
Cutix,2019-03-21,2019-04-10,1.85,1.7945,1.7945,2.035,-3.0,-6.01,-6007.75,20,Stop Loss
Wema Bank,2019-04-02,2019-05-03,0.7,0.74,0.679,0.77,5.71,2.56,2560.57,31,Time Stop
Mutual Benefits Assurance,2019-04-02,2019-04-25,0.2,0.22,0.194,0.22,10.0,6.77,6774.5,23,Profit Target
Mutual Benefits Assurance,2019-04-03,2019-04-25,0.2,0.22,0.194,0.22,10.0,6.77,6774.5,22,Profit Target
Nigerian Breweries,2019-04-03,2019-04-15,45.52,50.072,44.1544,50.072,10.0,6.77,6774.5,12,Profit Target
Cutix,2019-04-04,2019-04-10,1.8,1.746,1.746,1.98,-3.0,-6.01,-6007.75,6,Stop Loss
Mutual Benefits Assurance,2019-04-04,2019-04-25,0.2,0.22,0.194,0.22,10.0,6.77,6774.5,21,Profit Target
UBA,2019-04-04,2019-04-08,6.3,6.111,6.111,6.93,-3.0,-6.01,-6007.75,4,Stop Loss
Nigerian Breweries,2019-04-04,2019-05-03,48.0,52.8,46.56,52.8,10.0,6.77,6774.5,29,Profit Target
Cutix,2019-04-05,2019-04-10,1.8,1.746,1.746,1.98,-3.0,-6.01,-6007.75,5,Stop Loss
Neimeth,2019-04-08,2019-04-24,0.51,0.561,0.4947,0.561,10.0,6.77,6774.5,16,Profit Target
First HoldCo,2019-04-08,2019-05-09,7.35,7.3,7.1295,8.085,-0.68,-3.73,-3726.88,31,Time Stop
McNichols,2019-04-09,2019-04-26,0.26,0.2522,0.2522,0.286,-3.0,-6.01,-6007.75,17,Stop Loss
Cutix,2019-04-12,2019-04-17,1.6,1.552,1.552,1.76,-3.0,-6.01,-6007.75,5,Stop Loss
Cutix,2019-04-15,2019-04-16,1.61,1.5617,1.5617,1.771,-3.0,-6.01,-6007.75,1,Stop Loss
Abctrans,2019-04-16,2019-04-17,0.36,0.3492,0.3492,0.396,-3.0,-6.01,-6007.75,1,Stop Loss
Cutix,2019-04-16,2019-04-25,1.56,1.716,1.5132,1.716,10.0,6.77,6774.5,9,Profit Target
United Capital,2019-04-23,2019-05-13,2.48,2.4056,2.4056,2.728,-3.0,-6.01,-6007.75,20,Stop Loss
International Breweries,2019-04-25,2019-04-26,21.0,20.37,20.37,23.1,-3.0,-6.01,-6007.75,1,Stop Loss
International Breweries,2019-04-29,2019-05-28,20.0,20.0,19.4,22.0,0.0,-3.06,-3058.0,29,Time Stop
Ikeja,2019-05-08,2019-06-11,1.45,1.45,1.4065,1.595,0.0,-3.06,-3058.0,34,Time Stop
Neimeth,2019-05-10,2019-05-15,0.55,0.605,0.5335,0.605,10.0,6.77,6774.5,5,Profit Target
Neimeth,2019-05-13,2019-05-14,0.5,0.55,0.485,0.55,10.0,6.77,6774.5,1,Profit Target
Linkassure,2019-05-13,2019-05-20,0.19,0.209,0.1843,0.209,10.0,6.77,6774.5,7,Profit Target
Neimeth,2019-05-14,2019-05-15,0.55,0.605,0.5335,0.605,10.0,6.77,6774.5,1,Profit Target
Abctrans,2019-05-14,2019-05-16,0.25,0.275,0.2425,0.275,10.0,6.77,6774.5,2,Profit Target
United Capital,2019-05-14,2019-05-23,2.32,2.2504,2.2504,2.552,-3.0,-6.01,-6007.75,9,Stop Loss
Linkassure,2019-05-15,2019-05-20,0.19,0.209,0.1843,0.209,10.0,6.77,6774.5,5,Profit Target
Fcmb,2019-05-17,2019-05-21,1.7,1.649,1.649,1.87,-3.0,-6.01,-6007.75,4,Stop Loss
United Capital,2019-05-24,2019-06-14,2.1,2.31,2.037,2.31,10.0,6.77,6774.5,21,Profit Target
Abctrans,2019-05-24,2019-06-11,0.26,0.286,0.2522,0.286,10.0,6.77,6774.5,18,Profit Target
Neimeth,2019-05-27,2019-06-28,0.51,0.52,0.4947,0.561,1.96,-1.13,-1130.06,32,Time Stop
Nahco,2019-06-11,2019-06-17,2.231,2.1641,2.1641,2.4541,-3.0,-6.01,-6007.75,6,Stop Loss
Nahco,2019-06-18,2019-06-20,2.042,2.2462,1.9807,2.2462,10.0,6.77,6774.5,2,Profit Target
Cutix,2019-06-18,2019-06-19,1.4,1.358,1.358,1.54,-3.0,-6.01,-6007.75,1,Stop Loss
International Breweries,2019-06-19,2019-07-17,16.7,17.0,16.199,18.37,1.8,-1.29,-1291.68,28,Time Stop
Ikeja,2019-06-25,2019-07-10,1.3,1.43,1.261,1.43,10.0,6.77,6774.5,15,Profit Target
Chams,2019-06-27,2019-07-01,0.27,0.297,0.2619,0.297,10.0,6.77,6774.5,4,Profit Target
Mutual Benefits Assurance,2019-07-09,2019-07-31,0.2,0.22,0.194,0.22,10.0,6.77,6774.5,22,Profit Target
Nahco,2019-07-18,2019-08-02,1.714,1.8854,1.6626,1.8854,10.0,6.77,6774.5,15,Profit Target
McNichols,2019-07-23,2019-10-07,0.2,0.22,0.194,0.22,10.0,6.77,6774.5,76,Time Stop
International Breweries,2019-07-24,2019-07-26,13.8,13.386,13.386,15.18,-3.0,-6.01,-6007.75,2,Stop Loss
Linkassure,2019-07-24,2019-07-25,0.23,0.2231,0.2231,0.253,-3.0,-6.01,-6007.75,1,Stop Loss
Linkassure,2019-07-25,2019-08-23,0.22,0.2134,0.2134,0.242,-3.0,-6.01,-6007.75,29,Stop Loss
International Breweries,2019-07-29,2019-08-01,12.5,12.125,12.125,13.75,-3.0,-6.01,-6007.75,3,Stop Loss
McNichols,2019-07-30,2019-10-24,0.22,0.2134,0.2134,0.242,-3.0,-6.01,-6007.75,86,Stop Loss
Linkassure,2019-07-30,2019-08-23,0.22,0.2134,0.2134,0.242,-3.0,-6.01,-6007.75,24,Stop Loss
First HoldCo,2019-08-09,2019-08-14,5.0,4.85,4.85,5.5,-3.0,-6.01,-6007.75,5,Stop Loss
Zenith Bank,2019-08-14,2019-08-22,16.35,17.985,15.8595,17.985,10.0,6.77,6774.5,8,Profit Target
Zenith Bank,2019-08-15,2019-08-22,16.2,17.82,15.714,17.82,10.0,6.77,6774.5,7,Profit Target
Chams,2019-08-21,2019-08-23,0.23,0.253,0.2231,0.253,10.0,6.77,6774.5,2,Profit Target
Dangote Sugar,2019-09-03,2019-09-13,8.5,9.35,8.245,9.35,10.0,6.77,6774.5,10,Profit Target
Chams,2019-09-05,2019-09-11,0.25,0.2425,0.2425,0.275,-3.0,-6.01,-6007.75,6,Stop Loss
Ikeja,2019-09-06,2019-10-10,1.17,1.18,1.1349,1.287,0.85,-2.22,-2217.62,34,Time Stop
Chams,2019-09-17,2019-09-24,0.24,0.2328,0.2328,0.264,-3.0,-6.01,-6007.75,7,Stop Loss
Chams,2019-09-25,2019-10-07,0.23,0.253,0.2231,0.253,10.0,6.77,6774.5,12,Profit Target
Neimeth,2019-10-11,2019-10-14,0.42,0.4074,0.4074,0.462,-3.0,-6.01,-6007.75,3,Stop Loss
Coronation Insurance,2019-10-11,2019-11-08,0.32,0.32,0.3104,0.352,0.0,-3.06,-3058.0,28,Time Stop
Cutix,2019-10-21,2019-11-19,0.655,0.68,0.6354,0.7205,3.82,0.69,694.86,29,Time Stop
Cutix,2019-10-23,2019-11-08,0.72,0.6984,0.6984,0.792,-3.0,-6.01,-6007.75,16,Stop Loss
Aiico,2019-10-30,2019-11-14,0.2,0.22,0.194,0.22,10.0,6.77,6774.5,15,Profit Target
Aiico,2019-10-31,2019-11-08,0.19,0.209,0.1843,0.209,10.0,6.77,6774.5,8,Profit Target
Aiico,2019-11-01,2019-11-14,0.2,0.22,0.194,0.22,10.0,6.77,6774.5,13,Profit Target
Aiico,2019-11-04,2019-11-14,0.2,0.22,0.194,0.22,10.0,6.77,6774.5,10,Profit Target
International Breweries,2019-11-12,2019-12-10,9.4,10.1,9.118,10.34,7.45,4.26,4264.07,28,Time Stop
McNichols,2019-11-13,2019-11-22,0.19,0.209,0.1843,0.209,10.0,6.77,6774.5,9,Profit Target
Ikeja,2019-11-13,2019-11-18,0.88,0.968,0.8536,0.968,10.0,6.77,6774.5,5,Profit Target
Ikeja,2019-11-14,2019-11-21,0.96,1.056,0.9312,1.056,10.0,6.77,6774.5,7,Profit Target
Ikeja,2019-11-15,2019-11-18,0.87,0.957,0.8439,0.957,10.0,6.77,6774.5,3,Profit Target
Ikeja,2019-11-18,2019-11-21,0.95,1.045,0.9215,1.045,10.0,6.77,6774.5,3,Profit Target
Daarcomm,2019-12-11,2020-02-06,0.36,0.3492,0.3492,0.396,-3.0,-6.01,-6007.75,57,Stop Loss
Chams,2019-12-16,2019-12-17,0.3,0.33,0.291,0.33,10.0,6.77,6774.5,1,Profit Target
Nahco,2019-12-23,2019-12-24,1.546,1.7006,1.4996,1.7006,10.0,6.77,6774.5,1,Profit Target
Dangote Sugar,2019-12-30,2020-01-28,13.8,13.8,13.386,15.18,0.0,-3.06,-3058.0,29,Time Stop
Abctrans,2020-01-29,2020-01-30,0.37,0.3589,0.3589,0.407,-3.0,-6.01,-6007.75,1,Stop Loss
Abctrans,2020-01-31,2020-02-17,0.34,0.3298,0.3298,0.374,-3.0,-6.01,-6007.75,17,Stop Loss
Abctrans,2020-02-03,2020-02-17,0.34,0.3298,0.3298,0.374,-3.0,-6.01,-6007.75,14,Stop Loss
First HoldCo,2020-02-05,2020-02-24,5.9,5.723,5.723,6.49,-3.0,-6.01,-6007.75,19,Stop Loss
First HoldCo,2020-02-06,2020-02-24,5.75,5.5775,5.5775,6.325,-3.0,-6.01,-6007.75,18,Stop Loss
First HoldCo,2020-02-07,2020-02-18,6.0,5.82,5.82,6.6,-3.0,-6.01,-6007.75,11,Stop Loss
Chams,2020-02-07,2020-02-10,0.29,0.319,0.2813,0.319,10.0,6.77,6774.5,3,Profit Target
International Breweries,2020-02-12,2020-02-17,7.75,7.5175,7.5175,8.525,-3.0,-6.01,-6007.75,5,Stop Loss
Linkassure,2020-02-12,2020-02-14,0.22,0.2134,0.2134,0.242,-3.0,-6.01,-6007.75,2,Stop Loss
Linkassure,2020-02-14,2020-02-17,0.22,0.2134,0.2134,0.242,-3.0,-6.01,-6007.75,3,Stop Loss
Coronation Insurance,2020-02-18,2020-02-20,0.3,0.33,0.291,0.33,10.0,6.77,6774.5,2,Profit Target
Japaul Gold Ventures,2020-02-20,2020-03-20,0.2,0.2,0.194,0.22,0.0,-3.06,-3058.0,29,Time Stop
Linkassure,2020-02-21,2020-02-25,0.19,0.1843,0.1843,0.209,-3.0,-6.01,-6007.75,4,Stop Loss
UBA,2020-02-25,2020-03-02,6.85,6.6445,6.6445,7.535,-3.0,-6.01,-6007.75,6,Stop Loss
First HoldCo,2020-02-25,2020-02-27,5.3,5.141,5.141,5.83,-3.0,-6.01,-6007.75,2,Stop Loss
Wema Bank,2020-02-25,2020-02-26,0.59,0.5723,0.5723,0.649,-3.0,-6.01,-6007.75,1,Stop Loss
Wema Bank,2020-02-27,2020-02-28,0.56,0.5432,0.5432,0.616,-3.0,-6.01,-6007.75,1,Stop Loss
Nigerian Breweries,2020-02-28,2020-03-02,36.0,34.92,34.92,39.6,-3.0,-6.01,-6007.75,3,Stop Loss
Chams,2020-03-02,2020-03-03,0.24,0.2328,0.2328,0.264,-3.0,-6.01,-6007.75,1,Stop Loss
Guaranty Trust Holding,2020-03-02,2020-03-09,23.8,23.086,23.086,26.18,-3.0,-6.01,-6007.75,7,Stop Loss
Abctrans,2020-03-02,2020-03-03,0.3,0.291,0.291,0.33,-3.0,-6.01,-6007.75,1,Stop Loss
Wema Bank,2020-03-02,2020-03-04,0.54,0.594,0.5238,0.594,10.0,6.77,6774.5,2,Profit Target
Chams,2020-03-03,2020-03-04,0.22,0.2134,0.2134,0.242,-3.0,-6.01,-6007.75,1,Stop Loss
Nigerian Breweries,2020-03-03,2020-03-09,32.4,31.428,31.428,35.64,-3.0,-6.01,-6007.75,6,Stop Loss
Guaranty Trust Holding,2020-03-03,2020-03-10,22.7,22.019,22.019,24.97,-3.0,-6.01,-6007.75,7,Stop Loss
Nahco,2020-03-03,2020-03-09,1.714,1.6626,1.6626,1.8854,-3.0,-6.01,-6007.75,6,Stop Loss
Chams,2020-03-04,2020-03-06,0.21,0.231,0.2037,0.231,10.0,6.77,6774.5,2,Profit Target
Abctrans,2020-03-04,2020-03-06,0.27,0.297,0.2619,0.297,10.0,6.77,6774.5,2,Profit Target
Nigerian Breweries,2020-03-04,2020-03-09,32.4,31.428,31.428,35.64,-3.0,-6.01,-6007.75,5,Stop Loss
Chams,2020-03-05,2020-03-06,0.21,0.231,0.2037,0.231,10.0,6.77,6774.5,1,Profit Target
Lafarge Africa,2020-03-05,2020-03-10,13.9,13.483,13.483,15.29,-3.0,-6.01,-6007.75,5,Stop Loss
Chams,2020-03-06,2020-03-10,0.22,0.2134,0.2134,0.242,-3.0,-6.01,-6007.75,4,Stop Loss
Lafarge Africa,2020-03-09,2020-03-10,13.65,13.2405,13.2405,15.015,-3.0,-6.01,-6007.75,1,Stop Loss
Neimeth,2020-03-10,2020-03-25,0.4,0.44,0.388,0.44,10.0,6.77,6774.5,15,Profit Target
First HoldCo,2020-03-11,2020-03-12,4.4,4.268,4.268,4.84,-3.0,-6.01,-6007.75,1,Stop Loss
Fcmb,2020-03-11,2020-03-16,1.51,1.4647,1.4647,1.661,-3.0,-6.01,-6007.75,5,Stop Loss
Nahco,2020-03-11,2020-03-16,1.48,1.628,1.4356,1.628,10.0,6.77,6774.5,5,Profit Target
Wema Bank,2020-03-11,2020-03-12,0.5,0.485,0.485,0.55,-3.0,-6.01,-6007.75,1,Stop Loss
Nigerian Breweries,2020-03-11,2020-03-12,26.48,25.6856,25.6856,29.128,-3.0,-6.01,-6007.75,1,Stop Loss
UBA,2020-03-11,2020-03-16,5.65,5.4805,5.4805,6.215,-3.0,-6.01,-6007.75,5,Stop Loss
Aiico,2020-03-11,2020-03-12,0.2,0.194,0.194,0.22,-3.0,-6.01,-6007.75,1,Stop Loss
First HoldCo,2020-03-12,2020-03-13,4.4,4.268,4.268,4.84,-3.0,-6.01,-6007.75,1,Stop Loss
Dangote Sugar,2020-03-12,2020-03-23,9.75,9.4575,9.4575,10.725,-3.0,-6.01,-6007.75,11,Stop Loss
Guaranty Trust Holding,2020-03-12,2020-03-13,19.9,19.303,19.303,21.89,-3.0,-6.01,-6007.75,1,Stop Loss
Lafarge Africa,2020-03-12,2020-03-13,11.85,11.4945,11.4945,13.035,-3.0,-6.01,-6007.75,1,Stop Loss
UBA,2020-03-12,2020-03-16,6.15,5.9655,5.9655,6.765,-3.0,-6.01,-6007.75,4,Stop Loss
Zenith Bank,2020-03-12,2020-03-16,10.85,11.935,10.5245,11.935,10.0,6.77,6774.5,4,Profit Target
Wema Bank,2020-03-12,2020-03-13,0.51,0.4947,0.4947,0.561,-3.0,-6.01,-6007.75,1,Stop Loss
Coronation Insurance,2020-03-13,2020-03-16,0.27,0.2619,0.2619,0.297,-3.0,-6.01,-6007.75,3,Stop Loss
UBA,2020-03-13,2020-03-16,5.6,5.432,5.432,6.16,-3.0,-6.01,-6007.75,3,Stop Loss
MTN Nigeria,2020-03-13,2020-03-18,93.2,102.52,90.404,102.52,10.0,6.77,6774.5,5,Profit Target
Wema Bank,2020-03-13,2020-03-16,0.46,0.4462,0.4462,0.506,-3.0,-6.01,-6007.75,3,Stop Loss
Zenith Bank,2020-03-13,2020-03-16,11.0,12.1,10.67,12.1,10.0,6.77,6774.5,3,Profit Target
Nigerian Breweries,2020-03-16,2020-03-23,22.4,21.728,21.728,24.64,-3.0,-6.01,-6007.75,7,Stop Loss
Chams,2020-03-16,2020-03-18,0.21,0.2037,0.2037,0.231,-3.0,-6.01,-6007.75,2,Stop Loss
Guaranty Trust Holding,2020-03-16,2020-03-19,19.0,18.43,18.43,20.9,-3.0,-6.01,-6007.75,3,Stop Loss
Lafarge Africa,2020-03-16,2020-03-19,10.65,10.3305,10.3305,11.715,-3.0,-6.01,-6007.75,3,Stop Loss
Cutix,2020-03-16,2020-03-25,0.58,0.638,0.5626,0.638,10.0,6.77,6774.5,9,Profit Target
Coronation Insurance,2020-03-16,2020-03-17,0.27,0.2619,0.2619,0.297,-3.0,-6.01,-6007.75,1,Stop Loss
First HoldCo,2020-03-16,2020-03-23,4.0,3.88,3.88,4.4,-3.0,-6.01,-6007.75,7,Stop Loss
Zenith Bank,2020-03-16,2020-03-17,12.0,13.2,11.64,13.2,10.0,6.77,6774.5,1,Profit Target
Ikeja,2020-03-16,2020-03-31,0.99,0.9603,0.9603,1.089,-3.0,-6.01,-6007.75,15,Stop Loss
Lafarge Africa,2020-03-17,2020-03-23,10.0,9.7,9.7,11.0,-3.0,-6.01,-6007.75,6,Stop Loss
First HoldCo,2020-03-17,2020-03-26,3.7,4.07,3.589,4.07,10.0,6.77,6774.5,9,Profit Target
Guaranty Trust Holding,2020-03-17,2020-03-19,19.0,18.43,18.43,20.9,-3.0,-6.01,-6007.75,2,Stop Loss
Lafarge Africa,2020-03-18,2020-03-19,11.0,10.67,10.67,12.1,-3.0,-6.01,-6007.75,1,Stop Loss
Coronation Insurance,2020-03-18,2020-03-19,0.23,0.2231,0.2231,0.253,-3.0,-6.01,-6007.75,1,Stop Loss
International Breweries,2020-03-18,2020-03-23,5.2,5.044,5.044,5.72,-3.0,-6.01,-6007.75,5,Stop Loss
Dangote Cement,2020-03-18,2020-04-01,124.0,120.28,120.28,136.4,-3.0,-6.01,-6007.75,14,Stop Loss
Dangote Cement,2020-03-19,2020-04-01,133.4,129.398,129.398,146.74,-3.0,-6.01,-6007.75,13,Stop Loss
International Breweries,2020-03-19,2020-03-23,5.25,5.0925,5.0925,5.775,-3.0,-6.01,-6007.75,4,Stop Loss
Coronation Insurance,2020-03-19,2020-03-20,0.22,0.2134,0.2134,0.242,-3.0,-6.01,-6007.75,1,Stop Loss
Coronation Insurance,2020-03-20,2020-03-25,0.21,0.231,0.2037,0.231,10.0,6.77,6774.5,5,Profit Target
International Breweries,2020-03-20,2020-03-23,5.5,5.335,5.335,6.05,-3.0,-6.01,-6007.75,3,Stop Loss
Nigerian Breweries,2020-03-30,2020-04-02,20.4,19.788,19.788,22.44,-3.0,-6.01,-6007.75,3,Stop Loss
Nigerian Breweries,2020-04-03,2020-04-15,18.0,19.8,17.46,19.8,10.0,6.77,6774.5,12,Profit Target
Nigerian Breweries,2020-04-07,2020-04-15,17.76,19.536,17.2272,19.536,10.0,6.77,6774.5,8,Profit Target
Nahco,2020-04-20,2020-04-30,1.553,1.7083,1.5064,1.7083,10.0,6.77,6774.5,10,Profit Target
First HoldCo,2020-04-22,2020-05-05,4.25,4.675,4.1225,4.675,10.0,6.77,6774.5,13,Profit Target
Wema Bank,2020-04-22,2020-04-24,0.55,0.605,0.5335,0.605,10.0,6.77,6774.5,2,Profit Target
Lafarge Africa,2020-04-23,2020-05-04,11.35,11.0095,11.0095,12.485,-3.0,-6.01,-6007.75,11,Stop Loss
Linkassure,2020-05-27,2020-06-08,0.18,0.198,0.1746,0.198,10.0,6.77,6774.5,12,Profit Target
Japaul Gold Ventures,2020-06-11,2020-06-24,0.23,0.253,0.2231,0.253,10.0,6.77,6774.5,13,Profit Target
Nahco,2020-06-22,2020-06-23,1.896,1.8391,1.8391,2.0856,-3.0,-6.01,-6007.75,1,Stop Loss
Nahco,2020-06-23,2020-06-30,1.823,1.7683,1.7683,2.0053,-3.0,-6.01,-6007.75,7,Stop Loss
Chams,2020-06-24,2020-06-25,0.21,0.231,0.2037,0.231,10.0,6.77,6774.5,1,Profit Target
Dangote Sugar,2020-06-24,2020-07-09,11.9,11.543,11.543,13.09,-3.0,-6.01,-6007.75,15,Stop Loss
Neimeth,2020-06-25,2020-06-26,1.14,1.254,1.1058,1.254,10.0,6.77,6774.5,1,Profit Target
Neimeth,2020-06-26,2020-06-29,1.25,1.375,1.2125,1.375,10.0,6.77,6774.5,3,Profit Target
Chams,2020-06-29,2020-06-30,0.22,0.2134,0.2134,0.242,-3.0,-6.01,-6007.75,1,Stop Loss
Japaul Gold Ventures,2020-07-01,2020-07-13,0.21,0.231,0.2037,0.231,10.0,6.77,6774.5,12,Profit Target
Linkassure,2020-07-07,2020-07-16,0.2,0.194,0.194,0.22,-3.0,-6.01,-6007.75,9,Stop Loss
Coronation Insurance,2020-07-16,2020-08-07,0.3,0.33,0.291,0.33,10.0,6.77,6774.5,22,Profit Target
Linkassure,2020-07-20,2020-07-21,0.19,0.209,0.1843,0.209,10.0,6.77,6774.5,1,Profit Target
Nigerian Breweries,2020-07-20,2020-08-11,24.0,26.4,23.28,26.4,10.0,6.77,6774.5,22,Profit Target
Nigerian Breweries,2020-07-21,2020-08-11,24.0,26.4,23.28,26.4,10.0,6.77,6774.5,21,Profit Target
International Breweries,2020-07-28,2020-08-04,3.35,3.2495,3.2495,3.685,-3.0,-6.01,-6007.75,7,Stop Loss
Ikeja,2020-08-14,2020-08-17,0.91,0.8827,0.8827,1.001,-3.0,-6.01,-6007.75,3,Stop Loss
Ikeja,2020-08-17,2020-09-28,0.84,0.92,0.8148,0.924,9.52,6.31,6306.29,42,Time Stop
International Breweries,2020-08-18,2020-08-20,2.75,3.025,2.6675,3.025,10.0,6.77,6774.5,2,Profit Target
Abctrans,2020-08-24,2020-09-10,0.4,0.388,0.388,0.44,-3.0,-6.01,-6007.75,17,Stop Loss
Abctrans,2020-08-25,2020-09-10,0.4,0.388,0.388,0.44,-3.0,-6.01,-6007.75,16,Stop Loss
International Breweries,2020-09-17,2020-09-21,3.0,3.3,2.91,3.3,10.0,6.77,6774.5,4,Profit Target
Abctrans,2020-09-17,2020-09-18,0.33,0.3201,0.3201,0.363,-3.0,-6.01,-6007.75,1,Stop Loss
Abctrans,2020-09-21,2020-09-22,0.3,0.33,0.291,0.33,10.0,6.77,6774.5,1,Profit Target
Coronation Insurance,2020-09-30,2020-10-05,0.35,0.385,0.3395,0.385,10.0,6.77,6774.5,5,Profit Target
Cutix,2020-11-20,2020-11-23,0.9,0.873,0.873,0.99,-3.0,-6.01,-6007.75,3,Stop Loss
Fcmb,2020-11-20,2020-11-30,3.02,3.322,2.9294,3.322,10.0,6.77,6774.5,10,Profit Target
Neimeth,2020-11-26,2020-11-27,2.35,2.585,2.2795,2.585,10.0,6.77,6774.5,1,Profit Target
Mutual Benefits Assurance,2020-12-02,2020-12-08,0.21,0.231,0.2037,0.231,10.0,6.77,6774.5,6,Profit Target
Mutual Benefits Assurance,2020-12-03,2020-12-08,0.21,0.231,0.2037,0.231,10.0,6.77,6774.5,5,Profit Target
Linkassure,2020-12-17,2020-12-21,0.24,0.264,0.2328,0.264,10.0,6.77,6774.5,4,Profit Target
Linkassure,2020-12-21,2020-12-22,0.24,0.264,0.2328,0.264,10.0,6.77,6774.5,1,Profit Target
Abctrans,2020-12-23,2020-12-24,0.3,0.33,0.291,0.33,10.0,6.77,6774.5,1,Profit Target
Neimeth,2021-01-07,2021-01-22,2.05,1.9885,1.9885,2.255,-3.0,-6.01,-6007.75,15,Stop Loss
Cutix,2021-01-14,2021-02-01,1.045,1.1495,1.0136,1.1495,10.0,6.77,6774.5,18,Profit Target
Japaul Gold Ventures,2021-01-25,2021-01-26,0.91,0.8827,0.8827,1.001,-3.0,-6.01,-6007.75,1,Stop Loss
Japaul Gold Ventures,2021-01-28,2021-02-02,0.93,0.9021,0.9021,1.023,-3.0,-6.01,-6007.75,5,Stop Loss
Linkassure,2021-02-08,2021-02-09,0.32,0.352,0.3104,0.352,10.0,6.77,6774.5,1,Profit Target
Linkassure,2021-02-11,2021-02-16,0.32,0.3104,0.3104,0.352,-3.0,-6.01,-6007.75,5,Stop Loss
Linkassure,2021-02-12,2021-02-15,0.27,0.297,0.2619,0.297,10.0,6.77,6774.5,3,Profit Target
Aiico,2021-02-15,2021-02-16,0.46,0.506,0.4462,0.506,10.0,6.77,6774.5,1,Profit Target
Guaranty Trust Holding,2021-02-15,2021-03-15,30.35,29.95,29.4395,33.385,-1.32,-4.35,-4353.88,28,Time Stop
Chams,2021-02-23,2021-03-12,0.22,0.2134,0.2134,0.242,-3.0,-6.01,-6007.75,17,Stop Loss
Nigerian Breweries,2021-02-26,2021-03-04,41.6,40.352,40.352,45.76,-3.0,-6.01,-6007.75,6,Stop Loss
Mutual Benefits Assurance,2021-03-03,2021-03-04,0.36,0.3492,0.3492,0.396,-3.0,-6.01,-6007.75,1,Stop Loss
Coronation Insurance,2021-03-05,2021-03-15,0.47,0.517,0.4559,0.517,10.0,6.77,6774.5,10,Profit Target
Mutual Benefits Assurance,2021-03-05,2021-03-08,0.33,0.363,0.3201,0.363,10.0,6.77,6774.5,3,Profit Target
Cutix,2021-03-05,2021-03-08,1.005,0.9748,0.9748,1.1055,-3.0,-6.01,-6007.75,3,Stop Loss
Japaul Gold Ventures,2021-03-05,2021-03-08,0.53,0.5141,0.5141,0.583,-3.0,-6.01,-6007.75,3,Stop Loss
Abctrans,2021-03-05,2021-03-09,0.31,0.3007,0.3007,0.341,-3.0,-6.01,-6007.75,4,Stop Loss
Japaul Gold Ventures,2021-03-08,2021-03-10,0.49,0.4753,0.4753,0.539,-3.0,-6.01,-6007.75,2,Stop Loss
Cutix,2021-03-08,2021-03-11,0.905,0.9955,0.8778,0.9955,10.0,6.77,6774.5,3,Profit Target
Ikeja,2021-03-09,2021-03-18,1.05,1.0185,1.0185,1.155,-3.0,-6.01,-6007.75,9,Stop Loss
Abctrans,2021-03-09,2021-04-01,0.28,0.308,0.2716,0.308,10.0,6.77,6774.5,23,Profit Target
Abctrans,2021-03-10,2021-03-18,0.3,0.291,0.291,0.33,-3.0,-6.01,-6007.75,8,Stop Loss
UBA,2021-03-10,2021-04-09,7.0,7.0,6.79,7.7,0.0,-3.06,-3058.0,30,Time Stop
Japaul Gold Ventures,2021-03-11,2021-03-24,0.47,0.4559,0.4559,0.517,-3.0,-6.01,-6007.75,13,Stop Loss
International Breweries,2021-03-11,2021-03-12,4.55,5.005,4.4135,5.005,10.0,6.77,6774.5,1,Profit Target
UBA,2021-03-11,2021-04-12,7.0,6.95,6.79,7.7,-0.71,-3.76,-3760.32,32,Time Stop
Daarcomm,2021-04-01,2021-04-08,0.21,0.2037,0.2037,0.231,-3.0,-6.01,-6007.75,7,Stop Loss
Daarcomm,2021-04-09,2021-06-01,0.2,0.2,0.194,0.22,0.0,-3.06,-3058.0,53,Time Stop
Mutual Benefits Assurance,2021-04-12,2021-04-15,0.39,0.3783,0.3783,0.429,-3.0,-6.01,-6007.75,3,Stop Loss
Mutual Benefits Assurance,2021-04-13,2021-04-15,0.4,0.388,0.388,0.44,-3.0,-6.01,-6007.75,2,Stop Loss
Coronation Insurance,2021-04-16,2021-04-23,0.44,0.484,0.4268,0.484,10.0,6.77,6774.5,7,Profit Target
Mutual Benefits Assurance,2021-04-16,2021-05-11,0.37,0.407,0.3589,0.407,10.0,6.77,6774.5,25,Profit Target
Abctrans,2021-04-16,2021-05-10,0.29,0.319,0.2813,0.319,10.0,6.77,6774.5,24,Profit Target
Mutual Benefits Assurance,2021-04-19,2021-04-21,0.34,0.374,0.3298,0.374,10.0,6.77,6774.5,2,Profit Target
Lafarge Africa,2021-05-05,2021-06-04,20.05,20.5,19.4485,22.055,2.24,-0.85,-851.2,30,Time Stop
Initiates,2021-05-10,2021-05-25,0.4,0.44,0.388,0.44,10.0,6.77,6774.5,15,Profit Target
Abctrans,2021-05-28,2021-06-09,0.34,0.374,0.3298,0.374,10.0,6.77,6774.5,12,Profit Target
Ikeja,2021-06-15,2021-06-28,0.93,1.023,0.9021,1.023,10.0,6.77,6774.5,13,Profit Target
Mutual Benefits Assurance,2021-06-22,2021-07-16,0.41,0.3977,0.3977,0.451,-3.0,-6.01,-6007.75,24,Stop Loss
Aiico,2021-06-25,2021-07-15,0.43,0.473,0.4171,0.473,10.0,6.77,6774.5,20,Profit Target
Linkassure,2021-07-30,2021-08-30,0.45,0.44,0.4365,0.495,-2.22,-5.24,-5243.0,31,Time Stop
Neimeth,2021-08-04,2021-08-17,1.5,1.65,1.455,1.65,10.0,6.77,6774.5,13,Profit Target
Neimeth,2021-08-06,2021-08-17,1.5,1.65,1.455,1.65,10.0,6.77,6774.5,11,Profit Target
Aiico,2021-08-06,2021-09-03,0.41,0.44,0.3977,0.451,7.32,4.14,4136.51,28,Time Stop
Abctrans,2021-09-01,2021-09-21,0.34,0.3298,0.3298,0.374,-3.0,-6.01,-6007.75,20,Stop Loss
Mutual Benefits Assurance,2021-11-02,2021-11-03,0.26,0.2522,0.2522,0.286,-3.0,-6.01,-6007.75,1,Stop Loss
Mutual Benefits Assurance,2021-11-04,2021-11-15,0.25,0.275,0.2425,0.275,10.0,6.77,6774.5,11,Profit Target
Japaul Gold Ventures,2021-11-05,2021-11-10,0.38,0.418,0.3686,0.418,10.0,6.77,6774.5,5,Profit Target
Nigerian Exchange,2021-11-22,2021-11-23,11.96,11.6012,11.6012,13.156,-3.0,-6.01,-6007.75,1,Stop Loss
Mutual Benefits Assurance,2021-11-23,2021-12-01,0.26,0.2522,0.2522,0.286,-3.0,-6.01,-6007.75,8,Stop Loss
MTN Nigeria,2021-12-03,2021-12-13,169.2,186.12,164.124,186.12,10.0,6.77,6774.5,10,Profit Target
Lafarge Africa,2021-12-07,2021-12-10,22.2,24.42,21.534,24.42,10.0,6.77,6774.5,3,Profit Target
Japaul Gold Ventures,2022-01-20,2022-02-01,0.4,0.388,0.388,0.44,-3.0,-6.01,-6007.75,12,Stop Loss
Linkassure,2022-02-01,2022-02-28,0.36,0.396,0.3492,0.396,10.0,6.77,6774.5,27,Profit Target
Linkassure,2022-02-02,2022-02-03,0.35,0.385,0.3395,0.385,10.0,6.77,6774.5,1,Profit Target
Aiico,2022-02-03,2022-02-14,0.71,0.6887,0.6887,0.781,-3.0,-6.01,-6007.75,11,Stop Loss
International Breweries,2022-02-07,2022-02-08,5.3,5.141,5.141,5.83,-3.0,-6.01,-6007.75,1,Stop Loss
Japaul Gold Ventures,2022-02-16,2022-02-18,0.35,0.385,0.3395,0.385,10.0,6.77,6774.5,2,Profit Target
Cutix,2022-03-03,2022-03-31,2.3,2.27,2.231,2.53,-1.3,-4.34,-4340.5,28,Time Stop
Nigerian Exchange,2022-03-04,2022-03-16,15.6,17.16,15.132,17.16,10.0,6.77,6774.5,12,Profit Target
Cutix,2022-03-04,2022-04-01,2.3,2.231,2.231,2.53,-3.0,-6.01,-6007.75,28,Stop Loss
Mutual Benefits Assurance,2022-03-07,2022-03-29,0.25,0.2425,0.2425,0.275,-3.0,-6.01,-6007.75,22,Stop Loss
Cutix,2022-03-08,2022-04-01,2.29,2.2213,2.2213,2.519,-3.0,-6.01,-6007.75,24,Stop Loss
Ikeja,2022-03-22,2022-03-29,1.25,1.2125,1.2125,1.375,-3.0,-6.01,-6007.75,7,Stop Loss
UBA,2022-03-23,2022-04-22,7.6,8.1,7.372,8.36,6.58,3.41,3410.75,30,Time Stop
UBA,2022-03-24,2022-04-25,7.65,8.2,7.4205,8.415,7.19,4.01,4011.12,32,Time Stop
Guaranty Trust Holding,2022-03-25,2022-04-01,23.0,22.31,22.31,25.3,-3.0,-6.01,-6007.75,7,Stop Loss
International Breweries,2022-04-01,2022-04-04,4.4,4.84,4.268,4.84,10.0,6.77,6774.5,3,Profit Target
Cutix,2022-04-04,2022-04-11,2.05,2.255,1.9885,2.255,10.0,6.77,6774.5,7,Profit Target
Coronation Insurance,2022-04-05,2022-04-20,0.41,0.451,0.3977,0.451,10.0,6.77,6774.5,15,Profit Target
Coronation Insurance,2022-04-06,2022-04-12,0.4,0.44,0.388,0.44,10.0,6.77,6774.5,6,Profit Target
Coronation Insurance,2022-04-07,2022-04-12,0.4,0.44,0.388,0.44,10.0,6.77,6774.5,5,Profit Target
Japaul Gold Ventures,2022-04-20,2022-04-21,0.3,0.33,0.291,0.33,10.0,6.77,6774.5,1,Profit Target
Neimeth,2022-04-22,2022-04-27,1.36,1.496,1.3192,1.496,10.0,6.77,6774.5,5,Profit Target
Ikeja,2022-05-05,2022-05-11,1.3,1.261,1.261,1.43,-3.0,-6.01,-6007.75,6,Stop Loss
Ikeja,2022-05-12,2022-05-16,1.17,1.1349,1.1349,1.287,-3.0,-6.01,-6007.75,4,Stop Loss
Ikeja,2022-05-13,2022-05-16,1.19,1.1543,1.1543,1.309,-3.0,-6.01,-6007.75,3,Stop Loss
Ikeja,2022-05-16,2022-06-15,1.14,1.2,1.1058,1.254,5.26,2.12,2117.0,30,Time Stop
Ikeja,2022-05-17,2022-05-19,1.1,1.21,1.067,1.21,10.0,6.77,6774.5,2,Profit Target
First HoldCo,2022-05-26,2022-05-30,10.55,11.605,10.2335,11.605,10.0,6.77,6774.5,4,Profit Target
MTN Nigeria,2022-05-27,2022-05-30,240.0,232.8,232.8,264.0,-3.0,-6.01,-6007.75,3,Stop Loss
Nigerian Breweries,2022-06-02,2022-06-24,49.92,48.4224,48.4224,54.912,-3.0,-6.01,-6007.75,22,Stop Loss
International Breweries,2022-06-20,2022-06-21,6.25,6.0625,6.0625,6.875,-3.0,-6.01,-6007.75,1,Stop Loss
International Breweries,2022-06-21,2022-06-27,5.65,6.215,5.4805,6.215,10.0,6.77,6774.5,6,Profit Target
International Breweries,2022-06-22,2022-06-27,5.65,6.215,5.4805,6.215,10.0,6.77,6774.5,5,Profit Target
International Breweries,2022-06-23,2022-06-27,5.65,6.215,5.4805,6.215,10.0,6.77,6774.5,4,Profit Target
United Capital,2022-07-08,2022-07-25,4.233,4.106,4.106,4.6563,-3.0,-6.01,-6007.75,17,Stop Loss
International Breweries,2022-07-08,2022-07-21,5.4,5.238,5.238,5.94,-3.0,-6.01,-6007.75,13,Stop Loss
United Capital,2022-07-13,2022-07-25,4.183,4.0575,4.0575,4.6013,-3.0,-6.01,-6007.75,12,Stop Loss
United Capital,2022-07-14,2022-07-25,4.2,4.074,4.074,4.62,-3.0,-6.01,-6007.75,11,Stop Loss
Nahco,2022-07-21,2022-07-25,4.725,5.1975,4.5832,5.1975,10.0,6.77,6774.5,4,Profit Target
Nigerian Breweries,2022-07-21,2022-07-26,39.8,38.606,38.606,43.78,-3.0,-6.01,-6007.75,5,Stop Loss
Cutix,2022-07-25,2022-07-26,1.19,1.1543,1.1543,1.309,-3.0,-6.01,-6007.75,1,Stop Loss
International Breweries,2022-07-27,2022-08-24,5.0,5.2,4.85,5.5,4.0,0.88,875.0,28,Time Stop
United Capital,2022-07-28,2022-07-29,3.333,3.6663,3.233,3.6663,10.0,6.77,6774.5,1,Profit Target
Cutix,2022-07-28,2022-08-02,1.015,1.1165,0.9846,1.1165,10.0,6.77,6774.5,5,Profit Target
Aiico,2022-07-29,2022-08-26,0.54,0.55,0.5238,0.594,1.85,-1.24,-1237.17,28,Time Stop
Lafarge Africa,2022-07-29,2022-08-03,22.6,24.86,21.922,24.86,10.0,6.77,6774.5,5,Profit Target
Cutix,2022-07-29,2022-08-02,1.005,1.1055,0.9748,1.1055,10.0,6.77,6774.5,4,Profit Target
Zenith Bank,2022-07-29,2022-08-01,18.83,20.713,18.2651,20.713,10.0,6.77,6774.5,3,Profit Target
MTN Nigeria,2022-07-29,2022-08-02,190.0,209.0,184.3,209.0,10.0,6.77,6774.5,4,Profit Target
United Capital,2022-07-29,2022-08-01,3.367,3.7037,3.266,3.7037,10.0,6.77,6774.5,3,Profit Target
United Capital,2022-08-01,2022-08-02,3.7,4.07,3.589,4.07,10.0,6.77,6774.5,1,Profit Target
Wema Bank,2022-08-01,2022-08-29,3.29,3.5,3.1913,3.619,6.38,3.22,3218.06,28,Time Stop
Neimeth,2022-08-02,2022-08-24,1.4,1.54,1.358,1.54,10.0,6.77,6774.5,22,Profit Target
Linkassure,2022-08-02,2022-08-31,0.39,0.39,0.3783,0.429,0.0,-3.06,-3058.0,29,Time Stop
McNichols,2022-08-03,2022-09-01,0.74,0.74,0.7178,0.814,0.0,-3.06,-3058.0,29,Time Stop
Cutix,2022-08-16,2022-08-22,1.0,0.97,0.97,1.1,-3.0,-6.01,-6007.75,6,Stop Loss
Cutix,2022-08-19,2022-08-22,1.0,0.97,0.97,1.1,-3.0,-6.01,-6007.75,3,Stop Loss
McNichols,2022-09-08,2022-10-21,0.62,0.62,0.6014,0.682,0.0,-3.06,-3058.0,43,Time Stop
Coronation Insurance,2022-09-16,2022-10-07,0.36,0.3492,0.3492,0.396,-3.0,-6.01,-6007.75,21,Stop Loss
Chams,2022-09-21,2022-09-23,0.29,0.2813,0.2813,0.319,-3.0,-6.01,-6007.75,2,Stop Loss
Nigerian Exchange,2022-09-26,2022-09-27,12.75,14.025,12.3675,14.025,10.0,6.77,6774.5,1,Profit Target
International Breweries,2022-10-05,2022-10-31,4.5,4.365,4.365,4.95,-3.0,-6.01,-6007.75,26,Stop Loss
Neimeth,2022-10-11,2022-10-28,1.26,1.386,1.2222,1.386,10.0,6.77,6774.5,17,Profit Target
Linkassure,2022-11-02,2022-11-04,0.27,0.297,0.2619,0.297,10.0,6.77,6774.5,2,Profit Target
Linkassure,2022-11-03,2022-11-04,0.27,0.297,0.2619,0.297,10.0,6.77,6774.5,1,Profit Target
Nahco,2022-11-09,2022-12-07,4.813,5.162,4.6686,5.2943,7.25,4.07,4071.74,28,Time Stop
Japaul Gold Ventures,2022-11-23,2022-11-24,0.26,0.286,0.2522,0.286,10.0,6.77,6774.5,1,Profit Target
McNichols,2022-11-29,2022-12-15,0.55,0.5335,0.5335,0.605,-3.0,-6.01,-6007.75,16,Stop Loss
McNichols,2022-11-30,2022-12-15,0.55,0.5335,0.5335,0.605,-3.0,-6.01,-6007.75,15,Stop Loss
Chams,2023-02-07,2023-02-08,0.25,0.2425,0.2425,0.275,-3.0,-6.01,-6007.75,1,Stop Loss
Japaul Gold Ventures,2023-02-07,2023-02-15,0.3,0.291,0.291,0.33,-3.0,-6.01,-6007.75,8,Stop Loss
Japaul Gold Ventures,2023-02-08,2023-02-15,0.29,0.2813,0.2813,0.319,-3.0,-6.01,-6007.75,7,Stop Loss
Chams,2023-03-15,2023-04-14,0.23,0.25,0.2231,0.253,8.7,5.49,5492.0,30,Time Stop
United Capital,2023-03-16,2023-03-31,3.9,3.783,3.783,4.29,-3.0,-6.01,-6007.75,15,Stop Loss
Ikeja,2023-03-22,2023-03-31,0.772,0.8492,0.7488,0.8492,10.0,6.77,6774.5,9,Profit Target
Ikeja,2023-03-24,2023-03-31,0.772,0.8492,0.7488,0.8492,10.0,6.77,6774.5,7,Profit Target
Abctrans,2023-04-11,2023-04-20,0.31,0.341,0.3007,0.341,10.0,6.77,6774.5,9,Profit Target
Lafarge Africa,2023-04-12,2023-05-15,23.0,24.75,22.31,25.3,7.61,4.42,4423.25,33,Time Stop
Ikeja,2023-04-14,2023-04-17,0.81,0.891,0.7857,0.891,10.0,6.77,6774.5,3,Profit Target
Coronation Insurance,2023-04-17,2023-04-28,0.38,0.418,0.3686,0.418,10.0,6.77,6774.5,11,Profit Target
Zenith Bank,2023-04-26,2023-05-08,21.97,24.167,21.3109,24.167,10.0,6.77,6774.5,12,Profit Target
Aiico,2023-04-26,2023-05-08,0.53,0.583,0.5141,0.583,10.0,6.77,6774.5,12,Profit Target
Nigerian Breweries,2023-05-02,2023-05-16,29.5,32.45,28.615,32.45,10.0,6.77,6774.5,14,Profit Target
Nigerian Breweries,2023-05-05,2023-05-16,29.5,32.45,28.615,32.45,10.0,6.77,6774.5,11,Profit Target
McNichols,2023-05-08,2023-05-10,0.64,0.704,0.6208,0.704,10.0,6.77,6774.5,2,Profit Target
McNichols,2023-05-09,2023-05-18,0.7,0.679,0.679,0.77,-3.0,-6.01,-6007.75,9,Stop Loss
McNichols,2023-05-10,2023-05-24,0.69,0.6693,0.6693,0.759,-3.0,-6.01,-6007.75,14,Stop Loss
McNichols,2023-05-25,2023-05-26,0.65,0.715,0.6305,0.715,10.0,6.77,6774.5,1,Profit Target
Tantalizers,2023-06-06,2023-06-14,0.2,0.22,0.194,0.22,10.0,6.77,6774.5,8,Profit Target
Coronation Insurance,2023-06-06,2023-06-09,0.42,0.462,0.4074,0.462,10.0,6.77,6774.5,3,Profit Target
Tantalizers,2023-06-07,2023-06-14,0.2,0.22,0.194,0.22,10.0,6.77,6774.5,7,Profit Target
Abctrans,2023-06-16,2023-06-21,0.36,0.396,0.3492,0.396,10.0,6.77,6774.5,5,Profit Target
Initiates,2023-06-16,2023-06-22,0.43,0.473,0.4171,0.473,10.0,6.77,6774.5,6,Profit Target
Abctrans,2023-06-19,2023-06-21,0.34,0.374,0.3298,0.374,10.0,6.77,6774.5,2,Profit Target
Chams,2023-06-20,2023-06-21,0.4,0.44,0.388,0.44,10.0,6.77,6774.5,1,Profit Target
Ikeja,2023-06-26,2023-06-27,2.25,2.475,2.1825,2.475,10.0,6.77,6774.5,1,Profit Target
Secure Electronic Tech,2023-06-30,2023-07-03,0.35,0.3395,0.3395,0.385,-3.0,-6.01,-6007.75,3,Stop Loss
Secure Electronic Tech,2023-07-03,2023-07-04,0.35,0.3395,0.3395,0.385,-3.0,-6.01,-6007.75,1,Stop Loss
Secure Electronic Tech,2023-07-04,2023-07-05,0.3,0.291,0.291,0.33,-3.0,-6.01,-6007.75,1,Stop Loss
Secure Electronic Tech,2023-07-05,2023-07-06,0.3,0.291,0.291,0.33,-3.0,-6.01,-6007.75,1,Stop Loss
Coronation Insurance,2023-07-10,2023-07-13,0.61,0.5917,0.5917,0.671,-3.0,-6.01,-6007.75,3,Stop Loss
United Capital,2023-07-14,2023-08-01,4.667,4.527,4.527,5.1337,-3.0,-6.01,-6007.75,18,Stop Loss
Fcmb,2023-07-19,2023-08-16,6.2,6.014,6.014,6.82,-3.0,-6.01,-6007.75,28,Stop Loss
Japaul Gold Ventures,2023-07-19,2023-07-21,0.74,0.814,0.7178,0.814,10.0,6.77,6774.5,2,Profit Target
Japaul Gold Ventures,2023-07-20,2023-07-24,0.8,0.88,0.776,0.88,10.0,6.77,6774.5,4,Profit Target
Linkassure,2023-07-24,2023-07-28,0.48,0.528,0.4656,0.528,10.0,6.77,6774.5,4,Profit Target
Nigerian Breweries,2023-07-31,2023-08-03,33.65,37.015,32.6405,37.015,10.0,6.77,6774.5,3,Profit Target
International Breweries,2023-08-01,2023-08-21,4.35,4.785,4.2195,4.785,10.0,6.77,6774.5,20,Profit Target
Cutix,2023-08-02,2023-08-15,1.145,1.2595,1.1106,1.2595,10.0,6.77,6774.5,13,Profit Target
Nigerian Exchange,2023-08-02,2023-08-23,18.38,17.8286,17.8286,20.218,-3.0,-6.01,-6007.75,21,Stop Loss
McNichols,2023-08-09,2023-08-28,0.63,0.6111,0.6111,0.693,-3.0,-6.01,-6007.75,19,Stop Loss
McNichols,2023-08-10,2023-08-28,0.63,0.6111,0.6111,0.693,-3.0,-6.01,-6007.75,18,Stop Loss
Dangote Sugar,2023-08-14,2023-08-22,33.0,36.3,32.01,36.3,10.0,6.77,6774.5,8,Profit Target
Tantalizers,2023-08-22,2023-08-23,0.36,0.3492,0.3492,0.396,-3.0,-6.01,-6007.75,1,Stop Loss
Mutual Benefits Assurance,2023-08-23,2023-08-24,0.37,0.407,0.3589,0.407,10.0,6.77,6774.5,1,Profit Target
Tantalizers,2023-08-23,2023-08-24,0.36,0.3492,0.3492,0.396,-3.0,-6.01,-6007.75,1,Stop Loss
Nigerian Breweries,2023-08-24,2023-09-21,34.38,36.41,33.3486,37.818,5.9,2.75,2747.69,28,Time Stop
Tantalizers,2023-08-24,2023-08-25,0.33,0.3201,0.3201,0.363,-3.0,-6.01,-6007.75,1,Stop Loss
Nigerian Breweries,2023-08-25,2023-09-22,35.03,36.41,33.9791,38.533,3.94,0.82,815.49,28,Time Stop
Cutix,2023-08-25,2023-08-28,1.2,1.164,1.164,1.32,-3.0,-6.01,-6007.75,3,Stop Loss
Tantalizers,2023-08-25,2023-08-28,0.32,0.3104,0.3104,0.352,-3.0,-6.01,-6007.75,3,Stop Loss
Nigerian Breweries,2023-08-28,2023-09-25,34.94,36.41,33.8918,38.434,4.21,1.08,1078.74,28,Time Stop
Cutix,2023-08-29,2023-09-08,1.1,1.21,1.067,1.21,10.0,6.77,6774.5,10,Profit Target
Daarcomm,2023-08-29,2023-09-15,0.27,0.2619,0.2619,0.297,-3.0,-6.01,-6007.75,17,Stop Loss
Tantalizers,2023-08-29,2023-08-30,0.29,0.2813,0.2813,0.319,-3.0,-6.01,-6007.75,1,Stop Loss
Daarcomm,2023-08-30,2023-09-15,0.27,0.2619,0.2619,0.297,-3.0,-6.01,-6007.75,16,Stop Loss
McNichols,2023-08-30,2023-09-06,0.56,0.616,0.5432,0.616,10.0,6.77,6774.5,7,Profit Target
Tantalizers,2023-08-31,2023-09-01,0.27,0.297,0.2619,0.297,10.0,6.77,6774.5,1,Profit Target
McNichols,2023-09-04,2023-09-06,0.56,0.616,0.5432,0.616,10.0,6.77,6774.5,2,Profit Target
Ikeja,2023-09-04,2023-09-05,3.0,2.91,2.91,3.3,-3.0,-6.01,-6007.75,1,Stop Loss
Wema Bank,2023-09-12,2023-09-13,4.7,5.17,4.559,5.17,10.0,6.77,6774.5,1,Profit Target
Guaranty Trust Holding,2023-09-13,2023-10-13,35.0,34.7,33.95,38.5,-0.86,-3.9,-3900.79,30,Time Stop
Dangote Sugar,2023-09-13,2023-09-14,52.0,57.2,50.44,57.2,10.0,6.77,6774.5,1,Profit Target
Daarcomm,2023-09-19,2023-09-20,0.23,0.2231,0.2231,0.253,-3.0,-6.01,-6007.75,1,Stop Loss
Abctrans,2023-09-19,2023-09-26,0.81,0.7857,0.7857,0.891,-3.0,-6.01,-6007.75,7,Stop Loss
Tantalizers,2023-09-20,2023-09-21,0.35,0.3395,0.3395,0.385,-3.0,-6.01,-6007.75,1,Stop Loss
Daarcomm,2023-09-20,2023-09-22,0.21,0.231,0.2037,0.231,10.0,6.77,6774.5,2,Profit Target
Daarcomm,2023-09-22,2023-09-26,0.23,0.253,0.2231,0.253,10.0,6.77,6774.5,4,Profit Target
Tantalizers,2023-09-25,2023-10-03,0.3,0.291,0.291,0.33,-3.0,-6.01,-6007.75,8,Stop Loss
Tantalizers,2023-09-26,2023-10-03,0.32,0.3104,0.3104,0.352,-3.0,-6.01,-6007.75,7,Stop Loss
McNichols,2023-10-03,2023-10-10,0.59,0.649,0.5723,0.649,10.0,6.77,6774.5,7,Profit Target
Wema Bank,2023-10-05,2023-10-06,4.23,4.653,4.1031,4.653,10.0,6.77,6774.5,1,Profit Target
Abctrans,2023-10-09,2023-10-10,0.65,0.715,0.6305,0.715,10.0,6.77,6774.5,1,Profit Target
Abctrans,2023-10-10,2023-10-13,0.68,0.748,0.6596,0.748,10.0,6.77,6774.5,3,Profit Target
McNichols,2023-10-24,2023-11-13,0.55,0.605,0.5335,0.605,10.0,6.77,6774.5,20,Profit Target
Initiates,2023-11-08,2023-11-09,1.03,0.9991,0.9991,1.133,-3.0,-6.01,-6007.75,1,Stop Loss
Initiates,2023-11-10,2023-11-17,0.97,0.9409,0.9409,1.067,-3.0,-6.01,-6007.75,7,Stop Loss
Initiates,2023-11-13,2023-11-17,1.02,0.9894,0.9894,1.122,-3.0,-6.01,-6007.75,4,Stop Loss
Coronation Insurance,2023-11-29,2023-12-29,0.65,0.68,0.6305,0.715,4.62,1.48,1480.08,30,Time Stop
Coronation Insurance,2023-11-30,2023-12-01,0.71,0.6887,0.6887,0.781,-3.0,-6.01,-6007.75,1,Stop Loss
Chams,2023-12-01,2023-12-08,1.97,1.9109,1.9109,2.167,-3.0,-6.01,-6007.75,7,Stop Loss
McNichols,2023-12-05,2023-12-22,0.67,0.6499,0.6499,0.737,-3.0,-6.01,-6007.75,17,Stop Loss
McNichols,2023-12-06,2023-12-07,0.72,0.6984,0.6984,0.792,-3.0,-6.01,-6007.75,1,Stop Loss
McNichols,2023-12-07,2023-12-21,0.68,0.6596,0.6596,0.748,-3.0,-6.01,-6007.75,14,Stop Loss
Initiates,2023-12-22,2024-01-02,1.06,1.166,1.0282,1.166,10.0,6.77,6774.5,11,Profit Target
Abctrans,2023-12-27,2024-01-02,0.76,0.836,0.7372,0.836,10.0,6.77,6774.5,6,Profit Target
Ikeja,2024-01-22,2024-01-25,7.7,7.469,7.469,8.47,-3.0,-6.01,-6007.75,3,Stop Loss
Linkassure,2024-01-24,2024-01-25,0.99,0.9603,0.9603,1.089,-3.0,-6.01,-6007.75,1,Stop Loss
International Breweries,2024-01-26,2024-01-31,5.52,5.3544,5.3544,6.072,-3.0,-6.01,-6007.75,5,Stop Loss
McNichols,2024-01-26,2024-01-29,1.33,1.463,1.2901,1.463,10.0,6.77,6774.5,3,Profit Target
Zenith Bank,2024-02-01,2024-02-02,34.98,38.478,33.9306,38.478,10.0,6.77,6774.5,1,Profit Target
Guaranty Trust Holding,2024-02-01,2024-02-02,37.0,40.7,35.89,40.7,10.0,6.77,6774.5,1,Profit Target
Linkassure,2024-02-20,2024-02-23,0.68,0.6596,0.6596,0.748,-3.0,-6.01,-6007.75,3,Stop Loss
Tantalizers,2024-02-20,2024-03-06,0.38,0.3686,0.3686,0.418,-3.0,-6.01,-6007.75,15,Stop Loss
Wema Bank,2024-02-26,2024-02-27,8.3,8.051,8.051,9.13,-3.0,-6.01,-6007.75,1,Stop Loss
Linkassure,2024-02-26,2024-02-27,0.64,0.6208,0.6208,0.704,-3.0,-6.01,-6007.75,1,Stop Loss
Coronation Insurance,2024-02-26,2024-03-25,0.67,0.66,0.6499,0.737,-1.49,-4.53,-4525.54,28,Time Stop
Wema Bank,2024-02-27,2024-02-28,8.1,7.857,7.857,8.91,-3.0,-6.01,-6007.75,1,Stop Loss
Dangote Sugar,2024-02-27,2024-02-28,60.0,58.2,58.2,66.0,-3.0,-6.01,-6007.75,1,Stop Loss
Wema Bank,2024-02-28,2024-02-29,7.8,7.566,7.566,8.58,-3.0,-6.01,-6007.75,1,Stop Loss
Nigerian Exchange,2024-02-29,2024-03-12,14.63,16.093,14.1911,16.093,10.0,6.77,6774.5,12,Profit Target
Initiates,2024-02-29,2024-03-04,1.8,1.98,1.746,1.98,10.0,6.77,6774.5,4,Profit Target
Lafarge Africa,2024-03-01,2024-03-13,31.95,35.145,30.9915,35.145,10.0,6.77,6774.5,12,Profit Target
Dangote Sugar,2024-03-01,2024-03-04,57.5,55.775,55.775,63.25,-3.0,-6.01,-6007.75,3,Stop Loss
Linkassure,2024-03-01,2024-03-04,0.55,0.605,0.5335,0.605,10.0,6.77,6774.5,3,Profit Target
Initiates,2024-03-01,2024-03-04,1.8,1.98,1.746,1.98,10.0,6.77,6774.5,3,Profit Target
Dangote Sugar,2024-03-05,2024-03-06,53.1,51.507,51.507,58.41,-3.0,-6.01,-6007.75,1,Stop Loss
MTN Nigeria,2024-03-05,2024-03-08,185.0,203.5,179.45,203.5,10.0,6.77,6774.5,3,Profit Target
MTN Nigeria,2024-03-06,2024-03-07,183.0,201.3,177.51,201.3,10.0,6.77,6774.5,1,Profit Target
Dangote Sugar,2024-03-06,2024-03-08,50.1,55.11,48.597,55.11,10.0,6.77,6774.5,2,Profit Target
Ikeja,2024-03-08,2024-03-12,6.08,6.688,5.8976,6.688,10.0,6.77,6774.5,4,Profit Target
International Breweries,2024-03-11,2024-03-14,4.31,4.1807,4.1807,4.741,-3.0,-6.01,-6007.75,3,Stop Loss
Ikeja,2024-03-11,2024-03-25,6.65,6.4505,6.4505,7.315,-3.0,-6.01,-6007.75,14,Stop Loss
Ikeja,2024-03-12,2024-03-25,6.65,6.4505,6.4505,7.315,-3.0,-6.01,-6007.75,13,Stop Loss
International Breweries,2024-03-15,2024-03-18,4.0,4.4,3.88,4.4,10.0,6.77,6774.5,3,Profit Target
Daarcomm,2024-03-20,2024-03-21,0.64,0.6208,0.6208,0.704,-3.0,-6.01,-6007.75,1,Stop Loss
Daarcomm,2024-03-21,2024-03-22,0.58,0.638,0.5626,0.638,10.0,6.77,6774.5,1,Profit Target
Secure Electronic Tech,2024-03-22,2024-03-25,0.5,0.55,0.485,0.55,10.0,6.77,6774.5,3,Profit Target
Tantalizers,2024-03-22,2024-03-25,0.34,0.374,0.3298,0.374,10.0,6.77,6774.5,3,Profit Target
Daarcomm,2024-03-22,2024-04-15,0.61,0.671,0.5917,0.671,10.0,6.77,6774.5,24,Profit Target
Daarcomm,2024-03-25,2024-04-03,0.67,0.6499,0.6499,0.737,-3.0,-6.01,-6007.75,9,Stop Loss
Initiates,2024-03-26,2024-04-04,2.15,2.365,2.0855,2.365,10.0,6.77,6774.5,9,Profit Target
Ikeja,2024-03-26,2024-04-02,5.85,6.435,5.6745,6.435,10.0,6.77,6774.5,7,Profit Target
International Breweries,2024-04-02,2024-05-06,4.45,4.35,4.3165,4.895,-2.25,-5.27,-5267.55,34,Time Stop
Ikeja,2024-04-02,2024-04-16,7.07,6.8579,6.8579,7.777,-3.0,-6.01,-6007.75,14,Stop Loss
Abctrans,2024-04-03,2024-05-07,0.7,0.71,0.679,0.77,1.43,-1.65,-1653.36,34,Time Stop
Zenith Bank,2024-04-15,2024-04-16,39.86,38.6642,38.6642,43.846,-3.0,-6.01,-6007.75,1,Stop Loss
Guaranty Trust Holding,2024-04-15,2024-04-16,41.4,40.158,40.158,45.54,-3.0,-6.01,-6007.75,1,Stop Loss
Fcmb,2024-04-17,2024-04-22,7.2,6.984,6.984,7.92,-3.0,-6.01,-6007.75,5,Stop Loss
Mutual Benefits Assurance,2024-04-17,2024-05-16,0.55,0.58,0.5335,0.605,5.45,2.31,2305.18,29,Time Stop
Japaul Gold Ventures,2024-04-17,2024-04-18,1.8,1.746,1.746,1.98,-3.0,-6.01,-6007.75,1,Stop Loss
Japaul Gold Ventures,2024-04-18,2024-04-23,1.69,1.859,1.6393,1.859,10.0,6.77,6774.5,5,Profit Target
Initiates,2024-04-19,2024-04-22,2.08,2.0176,2.0176,2.288,-3.0,-6.01,-6007.75,3,Stop Loss
Japaul Gold Ventures,2024-04-19,2024-04-23,1.69,1.859,1.6393,1.859,10.0,6.77,6774.5,4,Profit Target
Chams,2024-04-19,2024-04-29,1.69,1.859,1.6393,1.859,10.0,6.77,6774.5,10,Profit Target
Initiates,2024-04-22,2024-04-23,2.0,1.94,1.94,2.2,-3.0,-6.01,-6007.75,1,Stop Loss
Initiates,2024-04-23,2024-05-02,1.8,1.98,1.746,1.98,10.0,6.77,6774.5,9,Profit Target
Initiates,2024-04-24,2024-05-02,1.8,1.98,1.746,1.98,10.0,6.77,6774.5,8,Profit Target
United Capital,2024-04-24,2024-04-25,5.733,5.561,5.561,6.3063,-3.0,-6.01,-6007.75,1,Stop Loss
First HoldCo,2024-04-25,2024-04-29,19.64,21.604,19.0508,21.604,10.0,6.77,6774.5,4,Profit Target
Wema Bank,2024-04-29,2024-05-02,6.25,6.875,6.0625,6.875,10.0,6.77,6774.5,3,Profit Target
Wema Bank,2024-04-30,2024-05-02,6.05,6.655,5.8685,6.655,10.0,6.77,6774.5,2,Profit Target
Dangote Sugar,2024-05-02,2024-05-03,41.0,45.1,39.77,45.1,10.0,6.77,6774.5,1,Profit Target
Dangote Sugar,2024-05-03,2024-05-06,43.95,48.345,42.6315,48.345,10.0,6.77,6774.5,3,Profit Target
McNichols,2024-05-08,2024-05-09,1.11,1.0767,1.0767,1.221,-3.0,-6.01,-6007.75,1,Stop Loss
McNichols,2024-05-09,2024-05-10,1.01,0.9797,0.9797,1.111,-3.0,-6.01,-6007.75,1,Stop Loss
Linkassure,2024-05-09,2024-05-17,0.58,0.638,0.5626,0.638,10.0,6.77,6774.5,8,Profit Target
International Breweries,2024-05-10,2024-05-24,4.05,3.9285,3.9285,4.455,-3.0,-6.01,-6007.75,14,Stop Loss
McNichols,2024-05-13,2024-05-20,0.9,0.99,0.873,0.99,10.0,6.77,6774.5,7,Profit Target
Coronation Insurance,2024-05-14,2024-05-21,0.66,0.6402,0.6402,0.726,-3.0,-6.01,-6007.75,7,Stop Loss
Linkassure,2024-05-14,2024-05-17,0.58,0.638,0.5626,0.638,10.0,6.77,6774.5,3,Profit Target
McNichols,2024-05-15,2024-05-20,0.99,1.089,0.9603,1.089,10.0,6.77,6774.5,5,Profit Target
Nigerian Exchange,2024-05-17,2024-06-19,16.54,17.7,16.0438,18.194,7.01,3.84,3837.83,33,Time Stop
Chams,2024-05-22,2024-06-04,1.5,1.455,1.455,1.65,-3.0,-6.01,-6007.75,13,Stop Loss
Japaul Gold Ventures,2024-05-24,2024-05-30,1.74,1.914,1.6878,1.914,10.0,6.77,6774.5,6,Profit Target
Neimeth,2024-05-24,2024-06-04,1.64,1.5908,1.5908,1.804,-3.0,-6.01,-6007.75,11,Stop Loss
Chams,2024-05-24,2024-06-04,1.5,1.455,1.455,1.65,-3.0,-6.01,-6007.75,11,Stop Loss
First HoldCo,2024-05-27,2024-05-29,20.34,22.374,19.7298,22.374,10.0,6.77,6774.5,2,Profit Target
Daarcomm,2024-06-14,2024-07-03,0.52,0.5044,0.5044,0.572,-3.0,-6.01,-6007.75,19,Stop Loss
Daarcomm,2024-06-20,2024-07-03,0.52,0.5044,0.5044,0.572,-3.0,-6.01,-6007.75,13,Stop Loss
First HoldCo,2024-06-25,2024-07-01,19.89,21.879,19.2933,21.879,10.0,6.77,6774.5,6,Profit Target
Daarcomm,2024-07-04,2024-07-09,0.48,0.528,0.4656,0.528,10.0,6.77,6774.5,5,Profit Target
Daarcomm,2024-07-05,2024-07-08,0.44,0.484,0.4268,0.484,10.0,6.77,6774.5,3,Profit Target
Ikeja,2024-07-08,2024-07-11,6.9,6.693,6.693,7.59,-3.0,-6.01,-6007.75,3,Stop Loss
Linkassure,2024-07-19,2024-07-22,0.75,0.7275,0.7275,0.825,-3.0,-6.01,-6007.75,3,Stop Loss
Secure Electronic Tech,2024-07-25,2024-07-26,0.48,0.4656,0.4656,0.528,-3.0,-6.01,-6007.75,1,Stop Loss
Secure Electronic Tech,2024-07-26,2024-07-30,0.46,0.4462,0.4462,0.506,-3.0,-6.01,-6007.75,4,Stop Loss
Secure Electronic Tech,2024-07-29,2024-07-31,0.42,0.4074,0.4074,0.462,-3.0,-6.01,-6007.75,2,Stop Loss
Secure Electronic Tech,2024-07-30,2024-07-31,0.46,0.4462,0.4462,0.506,-3.0,-6.01,-6007.75,1,Stop Loss
Daarcomm,2024-07-31,2024-08-05,0.44,0.4268,0.4268,0.484,-3.0,-6.01,-6007.75,5,Stop Loss
United Capital,2024-07-31,2024-08-05,11.35,12.485,11.0095,12.485,10.0,6.77,6774.5,5,Profit Target
United Capital,2024-08-01,2024-08-02,10.05,11.055,9.7485,11.055,10.0,6.77,6774.5,1,Profit Target
Secure Electronic Tech,2024-08-01,2024-08-02,0.39,0.429,0.3783,0.429,10.0,6.77,6774.5,1,Profit Target
Nigerian Breweries,2024-08-02,2024-08-08,26.0,28.6,25.22,28.6,10.0,6.77,6774.5,6,Profit Target
Daarcomm,2024-08-06,2024-08-23,0.42,0.462,0.4074,0.462,10.0,6.77,6774.5,17,Profit Target
MTN Nigeria,2024-08-06,2024-08-08,178.7,196.57,173.339,196.57,10.0,6.77,6774.5,2,Profit Target
Cutix,2024-08-19,2024-08-21,2.64,2.904,2.5608,2.904,10.0,6.77,6774.5,2,Profit Target
Secure Electronic Tech,2024-08-20,2024-08-23,0.37,0.407,0.3589,0.407,10.0,6.77,6774.5,3,Profit Target
Secure Electronic Tech,2024-08-21,2024-08-23,0.37,0.407,0.3589,0.407,10.0,6.77,6774.5,2,Profit Target
Initiates,2024-09-05,2024-09-13,1.81,1.991,1.7557,1.991,10.0,6.77,6774.5,8,Profit Target
Initiates,2024-09-06,2024-09-13,1.75,1.925,1.6975,1.925,10.0,6.77,6774.5,7,Profit Target
First HoldCo,2024-09-26,2024-09-30,28.84,27.9748,27.9748,31.724,-3.0,-6.01,-6007.75,4,Stop Loss
Abctrans,2024-10-04,2024-10-07,1.12,1.232,1.0864,1.232,10.0,6.77,6774.5,3,Profit Target
McNichols,2024-10-08,2024-10-17,1.33,1.2901,1.2901,1.463,-3.0,-6.01,-6007.75,9,Stop Loss
McNichols,2024-10-09,2024-10-16,1.4,1.358,1.358,1.54,-3.0,-6.01,-6007.75,7,Stop Loss
Daarcomm,2024-10-11,2024-10-14,0.63,0.6111,0.6111,0.693,-3.0,-6.01,-6007.75,3,Stop Loss
Tantalizers,2024-10-14,2024-10-22,0.6,0.582,0.582,0.66,-3.0,-6.01,-6007.75,8,Stop Loss
Tantalizers,2024-11-11,2024-11-13,0.56,0.616,0.5432,0.616,10.0,6.77,6774.5,2,Profit Target
Abctrans,2024-11-15,2024-12-03,1.15,1.1155,1.1155,1.265,-3.0,-6.01,-6007.75,18,Stop Loss
Daarcomm,2024-11-26,2024-11-27,0.56,0.616,0.5432,0.616,10.0,6.77,6774.5,1,Profit Target
Aradel Holdings,2024-12-04,2024-12-13,471.9,519.09,457.743,519.09,10.0,6.77,6774.5,9,Profit Target
Aradel Holdings,2024-12-10,2024-12-13,465.0,511.5,451.05,511.5,10.0,6.77,6774.5,3,Profit Target
Secure Electronic Tech,2024-12-13,2024-12-17,0.57,0.5529,0.5529,0.627,-3.0,-6.01,-6007.75,4,Stop Loss
Secure Electronic Tech,2024-12-16,2024-12-20,0.54,0.594,0.5238,0.594,10.0,6.77,6774.5,4,Profit Target
Dangote Cement,2025-01-16,2025-02-12,387.9,426.69,376.263,426.69,10.0,6.77,6774.5,27,Profit Target
Abctrans,2025-01-17,2025-02-10,1.07,1.177,1.0379,1.177,10.0,6.77,6774.5,24,Profit Target
Dangote Cement,2025-01-17,2025-01-28,400.0,388.0,388.0,440.0,-3.0,-6.01,-6007.75,11,Stop Loss
Dangote Sugar,2025-01-24,2025-02-21,35.0,38.5,33.95,38.5,10.0,6.77,6774.5,28,Profit Target
Neimeth,2025-01-31,2025-02-03,2.84,2.7548,2.7548,3.124,-3.0,-6.01,-6007.75,3,Stop Loss
Secure Electronic Tech,2025-02-03,2025-02-04,0.7,0.679,0.679,0.77,-3.0,-6.01,-6007.75,1,Stop Loss
Daarcomm,2025-02-17,2025-02-19,0.7,0.679,0.679,0.77,-3.0,-6.01,-6007.75,2,Stop Loss
Daarcomm,2025-02-19,2025-02-20,0.69,0.6693,0.6693,0.759,-3.0,-6.01,-6007.75,1,Stop Loss
Daarcomm,2025-02-21,2025-02-24,0.63,0.693,0.6111,0.693,10.0,6.77,6774.5,3,Profit Target
International Breweries,2025-03-04,2025-03-13,5.0,5.5,4.85,5.5,10.0,6.77,6774.5,9,Profit Target
United Capital,2025-03-05,2025-03-10,18.5,20.35,17.945,20.35,10.0,6.77,6774.5,5,Profit Target
International Breweries,2025-03-06,2025-03-13,5.0,5.5,4.85,5.5,10.0,6.77,6774.5,7,Profit Target
United Capital,2025-03-06,2025-03-07,18.0,19.8,17.46,19.8,10.0,6.77,6774.5,1,Profit Target
Wema Bank,2025-03-06,2025-03-18,11.0,10.67,10.67,12.1,-3.0,-6.01,-6007.75,12,Stop Loss
Dangote Sugar,2025-03-07,2025-03-10,36.0,39.6,34.92,39.6,10.0,6.77,6774.5,3,Profit Target
Ikeja,2025-03-13,2025-03-21,10.6,10.282,10.282,11.66,-3.0,-6.01,-6007.75,8,Stop Loss
Neimeth,2025-03-17,2025-03-18,2.49,2.739,2.4153,2.739,10.0,6.77,6774.5,1,Profit Target
Secure Electronic Tech,2025-03-20,2025-03-24,0.58,0.5626,0.5626,0.638,-3.0,-6.01,-6007.75,4,Stop Loss
Secure Electronic Tech,2025-03-25,2025-04-03,0.55,0.5335,0.5335,0.605,-3.0,-6.01,-6007.75,9,Stop Loss
Coronation Insurance,2025-03-26,2025-04-02,2.24,2.1728,2.1728,2.464,-3.0,-6.01,-6007.75,7,Stop Loss
Daarcomm,2025-03-27,2025-04-03,0.58,0.638,0.5626,0.638,10.0,6.77,6774.5,7,Profit Target
Coronation Insurance,2025-04-03,2025-04-07,2.12,2.0564,2.0564,2.332,-3.0,-6.01,-6007.75,4,Stop Loss
United Capital,2025-04-04,2025-04-07,15.2,14.744,14.744,16.72,-3.0,-6.01,-6007.75,3,Stop Loss
United Capital,2025-04-07,2025-04-08,15.2,14.744,14.744,16.72,-3.0,-6.01,-6007.75,1,Stop Loss
Aiico,2025-04-08,2025-04-11,1.4,1.54,1.358,1.54,10.0,6.77,6774.5,3,Profit Target
First HoldCo,2025-04-09,2025-04-15,25.25,24.4925,24.4925,27.775,-3.0,-6.01,-6007.75,6,Stop Loss
Japaul Gold Ventures,2025-04-09,2025-04-10,1.61,1.771,1.5617,1.771,10.0,6.77,6774.5,1,Profit Target
Aiico,2025-04-09,2025-04-11,1.3,1.43,1.261,1.43,10.0,6.77,6774.5,2,Profit Target
United Capital,2025-04-09,2025-04-22,14.5,15.95,14.065,15.95,10.0,6.77,6774.5,13,Profit Target
Chams,2025-04-09,2025-04-11,1.85,2.035,1.7945,2.035,10.0,6.77,6774.5,2,Profit Target
Japaul Gold Ventures,2025-04-10,2025-04-11,1.68,1.848,1.6296,1.848,10.0,6.77,6774.5,1,Profit Target
Daarcomm,2025-04-22,2025-05-02,0.56,0.5432,0.5432,0.616,-3.0,-6.01,-6007.75,10,Stop Loss
Tantalizers,2025-04-24,2025-05-19,2.3,2.53,2.231,2.53,10.0,6.77,6774.5,25,Profit Target
Guaranty Trust Holding,2025-04-24,2025-04-29,61.0,67.1,59.17,67.1,10.0,6.77,6774.5,5,Profit Target
Dangote Sugar,2025-05-05,2025-05-09,35.0,38.5,33.95,38.5,10.0,6.77,6774.5,4,Profit Target
McNichols,2025-05-06,2025-05-13,1.7,1.649,1.649,1.87,-3.0,-6.01,-6007.75,7,Stop Loss
McNichols,2025-05-07,2025-05-13,1.7,1.649,1.649,1.87,-3.0,-6.01,-6007.75,6,Stop Loss
Coronation Insurance,2025-05-08,2025-06-05,1.98,2.16,1.9206,2.178,9.09,5.88,5880.64,28,Time Stop
Abctrans,2025-05-21,2025-05-22,2.4,2.328,2.328,2.64,-3.0,-6.01,-6007.75,1,Stop Loss
Initiates,2025-05-21,2025-06-11,6.1,6.71,5.917,6.71,10.0,6.77,6774.5,21,Profit Target
Abctrans,2025-05-26,2025-05-28,2.49,2.739,2.4153,2.739,10.0,6.77,6774.5,2,Profit Target
First HoldCo,2025-06-18,2025-06-23,25.4,27.94,24.638,27.94,10.0,6.77,6774.5,5,Profit Target
International Breweries,2025-07-18,2025-07-25,13.4,14.74,12.998,14.74,10.0,6.77,6774.5,7,Profit Target
Secure Electronic Tech,2025-07-25,2025-07-28,0.93,0.9021,0.9021,1.023,-3.0,-6.01,-6007.75,3,Stop Loss
Tantalizers,2025-07-28,2025-08-06,2.46,2.706,2.3862,2.706,10.0,6.77,6774.5,9,Profit Target
Secure Electronic Tech,2025-07-30,2025-07-31,0.88,0.8536,0.8536,0.968,-3.0,-6.01,-6007.75,1,Stop Loss
Nahco,2025-08-01,2025-08-05,86.713,95.3843,84.1116,95.3843,10.0,6.77,6774.5,4,Profit Target
Initiates,2025-08-04,2025-08-06,13.75,13.3375,13.3375,15.125,-3.0,-6.01,-6007.75,2,Stop Loss
Nahco,2025-08-04,2025-08-05,86.887,95.5757,84.2804,95.5757,10.0,6.77,6774.5,1,Profit Target
Ikeja,2025-08-05,2025-08-15,20.5,22.55,19.885,22.55,10.0,6.77,6774.5,10,Profit Target
Nigerian Exchange,2025-08-07,2025-08-19,47.25,45.8325,45.8325,51.975,-3.0,-6.01,-6007.75,12,Stop Loss
Initiates,2025-08-07,2025-08-08,13.0,12.61,12.61,14.3,-3.0,-6.01,-6007.75,1,Stop Loss
Initiates,2025-08-21,2025-08-22,13.0,12.61,12.61,14.3,-3.0,-6.01,-6007.75,1,Stop Loss
Coronation Insurance,2025-08-25,2025-08-26,3.21,3.531,3.1137,3.531,10.0,6.77,6774.5,1,Profit Target
Secure Electronic Tech,2025-08-29,2025-09-12,0.9,0.873,0.873,0.99,-3.0,-6.01,-6007.75,14,Stop Loss
Secure Electronic Tech,2025-09-01,2025-09-03,0.86,0.946,0.8342,0.946,10.0,6.77,6774.5,2,Profit Target
Secure Electronic Tech,2025-09-02,2025-09-12,0.89,0.8633,0.8633,0.979,-3.0,-6.01,-6007.75,10,Stop Loss
Cutix,2025-09-02,2025-09-12,3.23,3.553,3.1331,3.553,10.0,6.77,6774.5,10,Profit Target
Lafarge Africa,2025-09-04,2025-09-10,113.0,124.3,109.61,124.3,10.0,6.77,6774.5,6,Profit Target
Daarcomm,2025-09-04,2025-09-09,0.9,0.99,0.873,0.99,10.0,6.77,6774.5,5,Profit Target
Cutix,2025-09-08,2025-09-11,3.22,3.542,3.1234,3.542,10.0,6.77,6774.5,3,Profit Target
Secure Electronic Tech,2025-09-15,2025-09-16,0.86,0.8342,0.8342,0.946,-3.0,-6.01,-6007.75,1,Stop Loss
Secure Electronic Tech,2025-09-16,2025-09-17,0.83,0.8051,0.8051,0.913,-3.0,-6.01,-6007.75,1,Stop Loss
Secure Electronic Tech,2025-09-17,2025-09-19,0.82,0.7954,0.7954,0.902,-3.0,-6.01,-6007.75,2,Stop Loss
UBA,2025-09-23,2025-10-22,43.0,42.8,41.71,47.3,-0.47,-3.52,-3515.33,29,Time Stop
Coronation Insurance,2025-09-23,2025-10-22,3.0,3.09,2.91,3.3,3.0,-0.11,-108.25,29,Time Stop
Wema Bank,2025-09-24,2025-09-26,18.85,18.2845,18.2845,20.735,-3.0,-6.01,-6007.75,2,Stop Loss
Coronation Insurance,2025-09-25,2025-10-14,2.92,3.212,2.8324,3.212,10.0,6.77,6774.5,19,Profit Target
Wema Bank,2025-09-26,2025-09-29,18.7,18.139,18.139,20.57,-3.0,-6.01,-6007.75,3,Stop Loss
Wema Bank,2025-09-29,2025-09-30,18.0,17.46,17.46,19.8,-3.0,-6.01,-6007.75,1,Stop Loss
Wema Bank,2025-09-30,2025-10-02,18.0,17.46,17.46,19.8,-3.0,-6.01,-6007.75,2,Stop Loss
McNichols,2025-10-07,2025-10-28,3.2,3.104,3.104,3.52,-3.0,-6.01,-6007.75,21,Stop Loss
McNichols,2025-10-08,2025-10-28,3.21,3.1137,3.1137,3.531,-3.0,-6.01,-6007.75,20,Stop Loss
Chams,2025-10-15,2025-10-30,4.0,3.88,3.88,4.4,-3.0,-6.01,-6007.75,15,Stop Loss
Ikeja,2025-10-30,2025-11-17,17.35,19.085,16.8295,19.085,10.0,6.77,6774.5,18,Profit Target
Nahco,2025-11-03,2025-11-10,91.875,89.1187,89.1187,101.0625,-3.0,-6.01,-6007.75,7,Stop Loss
Initiates,2025-11-03,2025-11-06,12.5,12.125,12.125,13.75,-3.0,-6.01,-6007.75,3,Stop Loss
Ikeja,2025-11-04,2025-11-17,17.35,19.085,16.8295,19.085,10.0,6.77,6774.5,13,Profit Target
Initiates,2025-11-05,2025-11-06,12.5,12.125,12.125,13.75,-3.0,-6.01,-6007.75,1,Stop Loss
Aiico,2025-11-05,2025-11-10,3.56,3.4532,3.4532,3.916,-3.0,-6.01,-6007.75,5,Stop Loss
McNichols,2025-11-06,2025-11-18,2.85,2.7645,2.7645,3.135,-3.0,-6.01,-6007.75,12,Stop Loss
Initiates,2025-11-10,2025-11-11,10.75,10.4275,10.4275,11.825,-3.0,-6.01,-6007.75,1,Stop Loss
Linkassure,2025-11-11,2025-11-14,1.62,1.782,1.5714,1.782,10.0,6.77,6774.5,3,Profit Target
Nahco,2025-11-11,2025-11-13,83.125,91.4375,80.6312,91.4375,10.0,6.77,6774.5,2,Profit Target
Aiico,2025-11-11,2025-11-20,3.37,3.2689,3.2689,3.707,-3.0,-6.01,-6007.75,9,Stop Loss
Zenith Bank,2025-11-12,2025-12-10,59.4,64.5,57.618,65.34,8.59,5.38,5384.05,28,Time Stop
Linkassure,2025-11-12,2025-11-14,1.6,1.76,1.552,1.76,10.0,6.77,6774.5,2,Profit Target
Initiates,2025-11-12,2025-11-17,10.0,11.0,9.7,11.0,10.0,6.77,6774.5,5,Profit Target
Nigerian Breweries,2025-11-12,2025-12-05,66.0,72.6,64.02,72.6,10.0,6.77,6774.5,23,Profit Target
Nahco,2025-11-12,2025-11-13,77.088,84.7968,74.7754,84.7968,10.0,6.77,6774.5,1,Profit Target
Aiico,2025-11-12,2025-11-13,3.2,3.52,3.104,3.52,10.0,6.77,6774.5,1,Profit Target
Nahco,2025-11-13,2025-11-14,84.787,93.2657,82.2434,93.2657,10.0,6.77,6774.5,1,Profit Target
Initiates,2025-11-13,2025-11-18,10.05,11.055,9.7485,11.055,10.0,6.77,6774.5,5,Profit Target
Abctrans,2025-11-20,2025-12-05,3.44,3.3368,3.3368,3.784,-3.0,-6.01,-6007.75,15,Stop Loss
Abctrans,2025-11-21,2025-12-05,3.44,3.3368,3.3368,3.784,-3.0,-6.01,-6007.75,14,Stop Loss
Linkassure,2025-11-24,2025-11-27,1.68,1.848,1.6296,1.848,10.0,6.77,6774.5,3,Profit Target
Coronation Insurance,2025-11-24,2025-11-25,2.59,2.5123,2.5123,2.849,-3.0,-6.01,-6007.75,1,Stop Loss
Tantalizers,2025-11-27,2025-12-19,2.3,2.53,2.231,2.53,10.0,6.77,6774.5,22,Profit Target
International Breweries,2025-12-02,2025-12-08,10.35,11.385,10.0395,11.385,10.0,6.77,6774.5,6,Profit Target
Linkassure,2025-12-17,2025-12-22,1.65,1.6005,1.6005,1.815,-3.0,-6.01,-6007.75,5,Stop Loss
Ikeja,2026-01-14,2026-01-15,38.95,37.7815,37.7815,42.845,-3.0,-6.01,-6007.75,1,Stop Loss
Ikeja,2026-01-15,2026-01-16,38.7,37.539,37.539,42.57,-3.0,-6.01,-6007.75,1,Stop Loss
Ikeja,2026-01-16,2026-01-19,35.05,33.9985,33.9985,38.555,-3.0,-6.01,-6007.75,3,Stop Loss
Coronation Insurance,2026-01-16,2026-02-13,3.38,3.28,3.2786,3.718,-2.96,-5.97,-5967.02,28,Time Stop
Secure Electronic Tech,2026-01-26,2026-01-30,0.97,1.067,0.9409,1.067,10.0,6.77,6774.5,4,Profit Target
Neimeth,2026-01-29,2026-01-30,9.68,9.3896,9.3896,10.648,-3.0,-6.01,-6007.75,1,Stop Loss
Neimeth,2026-01-30,2026-02-05,9.86,10.846,9.5642,10.846,10.0,6.77,6774.5,6,Profit Target
First HoldCo,2026-02-03,2026-02-04,41.05,45.155,39.8185,45.155,10.0,6.77,6774.5,1,Profit Target
Chams,2026-02-04,2026-02-18,4.37,4.2389,4.2389,4.807,-3.0,-6.01,-6007.75,14,Stop Loss
Chams,2026-02-19,2026-03-04,4.2,4.074,4.074,4.62,-3.0,-6.01,-6007.75,13,Stop Loss
United Capital,2026-03-03,2026-04-02,18.35,18.15,17.7995,20.185,-1.09,-4.13,-4129.66,30,Time Stop
Dangote Sugar,2026-03-06,2026-03-31,69.4,67.318,67.318,76.34,-3.0,-6.01,-6007.75,25,Stop Loss
Cutix,2026-03-10,2026-03-11,3.3,3.201,3.201,3.63,-3.0,-6.01,-6007.75,1,Stop Loss
Nigerian Breweries,2026-03-24,2026-04-23,70.0,73.0,67.9,77.0,4.29,1.16,1155.93,30,Time Stop
MTN Nigeria,2026-03-25,2026-04-17,701.1,771.21,680.067,771.21,10.0,6.77,6774.5,23,Profit Target
Nigerian Breweries,2026-03-25,2026-04-24,70.0,74.65,67.9,77.0,6.64,3.47,3473.59,30,Time Stop
Secure Electronic Tech,2026-03-31,2026-04-01,1.17,1.1349,1.1349,1.287,-3.0,-6.01,-6007.75,1,Stop Loss
Secure Electronic Tech,2026-04-01,2026-04-02,1.1,1.067,1.067,1.21,-3.0,-6.01,-6007.75,1,Stop Loss
Secure Electronic Tech,2026-04-02,2026-04-09,1.02,0.9894,0.9894,1.122,-3.0,-6.01,-6007.75,7,Stop Loss
Secure Electronic Tech,2026-04-06,2026-04-09,1.02,0.9894,0.9894,1.122,-3.0,-6.01,-6007.75,3,Stop Loss
Secure Electronic Tech,2026-04-07,2026-04-09,1.02,0.9894,0.9894,1.122,-3.0,-6.01,-6007.75,2,Stop Loss
Chams,2026-04-08,2026-04-09,3.38,3.2786,3.2786,3.718,-3.0,-6.01,-6007.75,1,Stop Loss
Secure Electronic Tech,2026-04-08,2026-04-09,1.0,0.97,0.97,1.1,-3.0,-6.01,-6007.75,1,Stop Loss
Chams,2026-04-09,2026-04-13,3.06,3.366,2.9682,3.366,10.0,6.77,6774.5,4,Profit Target
Initiates,2026-04-09,2026-04-22,18.7,20.57,18.139,20.57,10.0,6.77,6774.5,13,Profit Target
International Breweries,2026-04-09,2026-04-13,12.5,13.75,12.125,13.75,10.0,6.77,6774.5,4,Profit Target
Daarcomm,2026-04-09,2026-04-10,1.55,1.5035,1.5035,1.705,-3.0,-6.01,-6007.75,1,Stop Loss
Chams,2026-04-10,2026-04-13,3.05,3.355,2.9585,3.355,10.0,6.77,6774.5,3,Profit Target
United Capital,2026-04-13,2026-04-29,16.2,17.82,15.714,17.82,10.0,6.77,6774.5,16,Profit Target
Tantalizers,2026-04-16,2026-04-20,3.9,3.783,3.783,4.29,-3.0,-6.01,-6007.75,4,Stop Loss
Coronation Insurance,2026-04-20,2026-05-04,2.5,2.425,2.425,2.75,-3.0,-6.01,-6007.75,14,Stop Loss
Coronation Insurance,2026-04-21,2026-04-23,2.67,2.5899,2.5899,2.937,-3.0,-6.01,-6007.75,2,Stop Loss
Ikeja,2026-04-21,2026-04-29,33.0,36.3,32.01,36.3,10.0,6.77,6774.5,8,Profit Target
Mutual Benefits Assurance,2026-04-21,2026-05-20,3.99,4.18,3.8703,4.389,4.76,1.62,1624.14,29,Time Stop
International Breweries,2026-04-29,2026-06-01,12.2,12.65,11.834,13.42,3.69,0.57,568.74,33,Time Stop
First HoldCo,2026-04-30,2026-05-04,65.0,63.05,63.05,71.5,-3.0,-6.01,-6007.75,4,Stop Loss
UBA,2026-04-30,2026-05-05,44.0,42.68,42.68,48.4,-3.0,-6.01,-6007.75,5,Stop Loss
UBA,2026-05-04,2026-05-06,42.75,41.4675,41.4675,47.025,-3.0,-6.01,-6007.75,2,Stop Loss
Neimeth,2026-05-05,2026-05-07,8.1,8.91,7.857,8.91,10.0,6.77,6774.5,2,Profit Target
Daarcomm,2026-05-06,2026-05-12,1.5,1.65,1.455,1.65,10.0,6.77,6774.5,6,Profit Target
Chams,2026-05-06,2026-05-11,3.0,3.3,2.91,3.3,10.0,6.77,6774.5,5,Profit Target
MTN Nigeria,2026-05-12,2026-06-03,819.7,795.109,795.109,901.67,-3.0,-6.01,-6007.75,22,Stop Loss
Initiates,2026-05-19,2026-05-20,30.3,33.33,29.391,33.33,10.0,6.77,6774.5,1,Profit Target
Neimeth,2026-05-28,2026-06-09,10.35,10.0395,10.0395,11.385,-3.0,-6.01,-6007.75,12,Stop Loss
Neimeth,2026-05-29,2026-06-09,10.35,10.0395,10.0395,11.385,-3.0,-6.01,-6007.75,11,Stop Loss
Initiates,2026-06-01,2026-06-02,31.15,30.2155,30.2155,34.265,-3.0,-6.01,-6007.75,1,Stop Loss
Dangote Sugar,2026-06-01,2026-06-15,71.15,78.265,69.0155,78.265,10.0,6.77,6774.5,14,Profit Target
Initiates,2026-06-02,2026-06-03,31.2,30.264,30.264,34.32,-3.0,-6.01,-6007.75,1,Stop Loss
Wema Bank,2026-06-03,2026-06-23,30.0,29.1,29.1,33.0,-3.0,-6.01,-6007.75,20,Stop Loss
Abctrans,2026-06-03,2026-06-04,6.88,6.6736,6.6736,7.568,-3.0,-6.01,-6007.75,1,Stop Loss
Neimeth,2026-06-16,2026-06-17,7.7,8.47,7.469,8.47,10.0,6.77,6774.5,1,Profit Target
Daarcomm,2026-06-29,2026-06-30,1.53,1.4841,1.4841,1.683,-3.0,-6.01,-6007.75,1,Stop Loss
Coronation Insurance,2026-06-30,2026-07-03,2.15,2.365,2.0855,2.365,10.0,6.77,6774.5,3,Profit Target
Wema Bank,2026-06-30,2026-07-03,25.0,27.0,24.25,27.5,8.0,4.81,4808.0,3,End of Data
Dangote Sugar,2026-06-30,2026-07-03,64.65,70.0,62.7105,71.115,8.28,5.08,5078.72,3,End of Data
Aradel Holdings,2026-07-01,2026-07-02,1417.5,1374.975,1374.975,1559.25,-3.0,-6.01,-6007.75,1,Stop Loss
MTN Nigeria,2026-07-01,2026-07-03,720.0,750.0,698.4,792.0,4.17,1.04,1038.88,2,End of Data
Daarcomm,2026-07-02,2026-07-03,1.37,1.507,1.3289,1.507,10.0,6.77,6774.5,1,Profit Target
Zenith Bank,2026-07-03,2026-07-03,101.95,106.75,98.8915,112.145,4.71,1.57,1571.33,0,End of Data
